entity_id,canonical_name,display_name,entity_kind,primary_stakeholder_group_code,primary_stakeholder_type_code,primary_stakeholder_type_name,source_systems,latest_base_date,is_active,notes
SH000001,116-2(산재기금),116-2(산재기금),organization,capital_partner,fund_beneficiary,펀드 수익자,beneficiary_snapshot,2025-11-30,Y,
SH000002,116-3(신협중앙회),116-3(신협중앙회),organization,capital_partner,fund_beneficiary,펀드 수익자,beneficiary_snapshot,2025-11-30,Y,
SH000003,116-3(주택도시기금),116-3(주택도시기금),organization,capital_partner,fund_beneficiary,펀드 수익자,beneficiary_snapshot,2025-11-30,Y,
SH000004,448-3호,448-3호,organization,capital_partner,fund_beneficiary,펀드 수익자,beneficiary_snapshot,2025-11-30,Y,
SH000005,448-4,448-4,organization,capital_partner,fund_beneficiary,펀드 수익자,beneficiary_snapshot,2025-11-30,Y,
SH000006,816공간제일차 주식회사,816공간제일차 주식회사,organization,financing_partner,lender,금융기관(대주),lender_snapshot,2025-11-30,Y,
SH000007,ABL생명보험(에이비엘생명보험),ABL생명보험(에이비엘생명보험),organization,capital_partner,fund_beneficiary,펀드 수익자,beneficiary_snapshot,2025-11-30,Y,
SH000008,ADCF Megatrends Singapore Pte Ltd,ADCF Megatrends Singapore Pte Ltd,organization,capital_partner,fund_beneficiary,펀드 수익자,beneficiary_snapshot,2025-11-30,Y,
SH000009,ANU,ANU,organization,project_partner,operator_contractor,운영/시공 파트너,counterparty_seed,,Y,
SH000010,AP SG 9 PTE.LTD.,AP SG 9 PTE.LTD.,organization,capital_partner,fund_beneficiary,펀드 수익자,beneficiary_snapshot,2025-11-30,Y,
SH000011,APO Corp,APO Corp,organization,capital_partner,fund_beneficiary,펀드 수익자,beneficiary_snapshot,2025-11-30,Y,
SH000012,ASSKR1,ASSKR1,organization,financing_partner,lender,금융기관(대주),lender_snapshot,2025-11-30,Y,
SH000013,Actis,Actis,organization,capital_partner,fund_beneficiary,펀드 수익자,beneficiary_snapshot,2025-11-30,Y,
SH000014,BCS NL B.V.,BCS NL B.V.,organization,capital_partner,fund_beneficiary,펀드 수익자,beneficiary_snapshot,2025-11-30,Y,
SH000015,BCS NL C.V.,BCS NL C.V.,organization,capital_partner,fund_beneficiary,펀드 수익자,beneficiary_snapshot,2025-11-30,Y,
SH000016,BNK경남은행,BNK경남은행,organization,financing_partner,lender,금융기관(대주),lender_snapshot,2025-11-30,Y,
SH000017,BNK저축은행,BNK저축은행,organization,financing_partner,lender,금융기관(대주),lender_snapshot,2025-11-30,Y,
SH000018,BNK캐피탈,BNK캐피탈,organization,capital_partner,fund_beneficiary,펀드 수익자,"beneficiary_snapshot,lender_snapshot",2025-11-30,Y,
SH000019,Boston Properties,Boston Properties,organization,strategic_partner,overseas_partner,해외 파트너,t5t_dashboard,2026-04-12,Y,
SH000020,Broadcom,Broadcom,organization,occupier_customer,tenant,임차인,t5t_dashboard,2026-03-22,Y,
SH000021,CBRE,CBRE,organization,advisor_intermediary,advisor,주간사/자문,t5t_dashboard,2026-04-12,Y,
SH000022,CJ,CJ,organization,occupier_customer,tenant,임차인,t5t_dashboard,2026-04-13,Y,
SH000023,CJ대한통운,CJ대한통운,organization,capital_partner,fund_beneficiary,펀드 수익자,"beneficiary_snapshot,counterparty_seed",2025-11-30,Y,
SH000024,CJ올리브네트웍스,CJ올리브네트웍스,organization,project_partner,operator_contractor,운영/시공 파트너,counterparty_seed,,Y,
SH000025,CJ제일제당,CJ제일제당,organization,capital_partner,fund_beneficiary,펀드 수익자,beneficiary_snapshot,2025-11-30,Y,
SH000026,CPPIB,CPPIB,organization,capital_partner,institutional_lp,기관투자자(LP),t5t_dashboard,2026-04-10,Y,
SH000027,Cadence,Cadence,organization,occupier_customer,tenant,임차인,t5t_dashboard,2026-03-22,Y,
SH000028,Capikor Pte.Ltd.,Capikor Pte.Ltd.,organization,capital_partner,fund_beneficiary,펀드 수익자,beneficiary_snapshot,2025-11-30,Y,
SH000029,DA,DA,organization,project_partner,operator_contractor,운영/시공 파트너,counterparty_seed,,Y,
SH000030,DA VINCI HOLDCO PTE. LTD.,DA VINCI HOLDCO PTE. LTD.,organization,capital_partner,fund_beneficiary,펀드 수익자,beneficiary_snapshot,2025-11-30,Y,
SH000031,DB생명보험,DB생명보험,organization,capital_partner,fund_beneficiary,펀드 수익자,"beneficiary_snapshot,lender_snapshot",2025-11-30,Y,
SH000032,DB손해보험,DB손해보험,organization,capital_partner,fund_beneficiary,펀드 수익자,"beneficiary_snapshot,lender_snapshot,t5t_dashboard",2026-04-13,Y,
SH000033,DB손해보험(본계정),DB손해보험(본계정),organization,financing_partner,lender,금융기관(대주),lender_snapshot,2025-11-30,Y,
SH000034,DB저축은행,DB저축은행,organization,financing_partner,lender,금융기관(대주),lender_snapshot,2025-11-30,Y,
SH000035,DB캐피탈,DB캐피탈,organization,financing_partner,lender,금융기관(대주),"beneficiary_snapshot,lender_snapshot",2025-11-30,Y,
SH000036,DGB 제1호 펀드,DGB 제1호 펀드,organization,capital_partner,fund_beneficiary,펀드 수익자,beneficiary_snapshot,2025-11-30,Y,
SH000037,DGB 제2호 펀드,DGB 제2호 펀드,organization,capital_partner,fund_beneficiary,펀드 수익자,beneficiary_snapshot,2025-11-30,Y,
SH000038,DGB 제3호 펀드,DGB 제3호 펀드,organization,capital_partner,fund_beneficiary,펀드 수익자,beneficiary_snapshot,2025-11-30,Y,
SH000039,DGB생명보험,DGB생명보험,organization,capital_partner,fund_beneficiary,펀드 수익자,beneficiary_snapshot,2025-11-30,Y,
SH000040,DL ENC,DL ENC,organization,capital_partner,fund_beneficiary,펀드 수익자,beneficiary_snapshot,2025-11-30,Y,
SH000041,DL건설,DL건설,organization,project_partner,operator_contractor,운영/시공 파트너,counterparty_seed,,Y,
SH000042,DL이앤씨,DL이앤씨,organization,project_partner,operator_contractor,운영/시공 파트너,counterparty_seed,,Y,
SH000043,DMP,DMP,organization,project_partner,operator_contractor,운영/시공 파트너,counterparty_seed,,Y,
SH000044,DNSC,DNSC,organization,capital_partner,fund_beneficiary,펀드 수익자,beneficiary_snapshot,2025-11-30,Y,
SH000045,DS네트웍스,DS네트웍스,organization,capital_partner,fund_beneficiary,펀드 수익자,beneficiary_snapshot,2025-11-30,Y,
SH000046,DS자산운용,DS자산운용,organization,capital_partner,fund_beneficiary,펀드 수익자,beneficiary_snapshot,2025-11-30,Y,
SH000047,Dash Living,Dash Living,organization,strategic_partner,overseas_partner,해외 파트너,t5t_dashboard,2026-04-13,Y,
SH000048,Datapulse Pte.Ltd.,Datapulse Pte.Ltd.,organization,capital_partner,fund_beneficiary,펀드 수익자,beneficiary_snapshot,2025-11-30,Y,
SH000049,G9 Asia X. Pte. Ltd.,G9 Asia X. Pte. Ltd.,organization,capital_partner,fund_beneficiary,펀드 수익자,beneficiary_snapshot,2025-11-30,Y,
SH000050,GFI,GFI,organization,capital_partner,fund_beneficiary,펀드 수익자,beneficiary_snapshot,2025-11-30,Y,
SH000051,GIB홈플러스,GIB홈플러스,organization,financing_partner,lender,금융기관(대주),lender_snapshot,2025-11-30,Y,
SH000052,GIC,GIC,organization,capital_partner,institutional_lp,기관투자자(LP),"beneficiary_snapshot,t5t_dashboard",2026-04-13,Y,
SH000053,GS건설,GS건설,organization,capital_partner,fund_beneficiary,펀드 수익자,"beneficiary_snapshot,counterparty_seed",2025-11-30,Y,
SH000054,GS리테일,GS리테일,organization,capital_partner,fund_beneficiary,펀드 수익자,beneficiary_snapshot,2025-11-30,Y,
SH000055,Gangnam Asset PTE.LTD,Gangnam Asset PTE.LTD,organization,capital_partner,fund_beneficiary,펀드 수익자,beneficiary_snapshot,2025-11-30,Y,
SH000056,HB저축은행,HB저축은행,organization,capital_partner,fund_beneficiary,펀드 수익자,beneficiary_snapshot,2025-11-30,Y,
SH000057,HSBC자산운용,HSBC자산운용,organization,capital_partner,fund_beneficiary,펀드 수익자,beneficiary_snapshot,2025-11-30,Y,
SH000058,HS화성,HS화성,organization,project_partner,operator_contractor,운영/시공 파트너,counterparty_seed,,Y,
SH000059,I.O.IV,I.O.IV,organization,capital_partner,fund_beneficiary,펀드 수익자,beneficiary_snapshot,2025-11-30,Y,
SH000060,IADC2호,IADC2호,organization,capital_partner,fund_beneficiary,펀드 수익자,beneficiary_snapshot,2025-11-30,Y,
SH000061,IBK기업은행,IBK기업은행,organization,financing_partner,lender,금융기관(대주),"beneficiary_snapshot,lender_snapshot",2025-11-30,Y,
SH000062,IBK연금보험,IBK연금보험,organization,financing_partner,lender,금융기관(대주),lender_snapshot,2025-11-30,Y,
SH000063,IBK저축은행,IBK저축은행,organization,capital_partner,fund_beneficiary,펀드 수익자,beneficiary_snapshot,2025-11-30,Y,
SH000064,IBK캐피탈,IBK캐피탈,organization,financing_partner,lender,금융기관(대주),"beneficiary_snapshot,lender_snapshot",2025-11-30,Y,
SH000065,IBK투자증권,IBK투자증권,organization,capital_partner,fund_beneficiary,펀드 수익자,beneficiary_snapshot,2025-11-30,Y,
SH000066,IGIS Asia Data Center 1 Pte. Ltd.,IGIS Asia Data Center 1 Pte. Ltd.,organization,capital_partner,fund_beneficiary,펀드 수익자,beneficiary_snapshot,2025-11-30,Y,
SH000067,IOIV,IOIV,organization,financing_partner,lender,금융기관(대주),lender_snapshot,2025-11-30,Y,
SH000068,IRE-RE-SA SICAV-SIF,IRE-RE-SA SICAV-SIF,organization,capital_partner,fund_beneficiary,펀드 수익자,beneficiary_snapshot,2025-11-30,Y,
SH000069,Icheon REF Pte.Ltd,Icheon REF Pte.Ltd,organization,capital_partner,fund_beneficiary,펀드 수익자,beneficiary_snapshot,2025-11-30,Y,
SH000070,Infineon,Infineon,organization,occupier_customer,tenant,임차인,t5t_dashboard,2026-03-22,Y,
SH000071,Invesco,Invesco,organization,capital_partner,fund_beneficiary,펀드 수익자,beneficiary_snapshot,2025-11-30,Y,
SH000072,Invesco Investments(Bermuda),Invesco Investments(Bermuda),organization,capital_partner,fund_beneficiary,펀드 수익자,beneficiary_snapshot,2025-11-30,Y,
SH000073,JB우리캐피탈,JB우리캐피탈,organization,capital_partner,fund_beneficiary,펀드 수익자,beneficiary_snapshot,2025-11-30,Y,
SH000074,JLL,JLL,organization,advisor_intermediary,advisor,주간사/자문,t5t_dashboard,2026-04-13,Y,
SH000075,KB,KB,organization,financing_partner,lender,금융기관(대주),t5t_dashboard,2026-04-17,Y,
SH000076,KB국민은행,KB국민은행,organization,financing_partner,lender,금융기관(대주),"beneficiary_snapshot,lender_snapshot",2025-11-30,Y,
SH000077,KB국민은행(A),KB국민은행(A),organization,capital_partner,fund_beneficiary,펀드 수익자,beneficiary_snapshot,2025-11-30,Y,
SH000078,KB국민은행(공모),KB국민은행(공모),organization,capital_partner,fund_beneficiary,펀드 수익자,beneficiary_snapshot,2025-11-30,Y,
SH000079,KB국민은행(이지스일반사모부동산투자신탁421호의 신탁업자),KB국민은행(이지스일반사모부동산투자신탁421호의 신탁업자),organization,capital_partner,fund_beneficiary,펀드 수익자,beneficiary_snapshot,2025-11-30,Y,
SH000080,KB국민은행(한국투자올에셋부동산11호의 신탁업자 지위),KB국민은행(한국투자올에셋부동산11호의 신탁업자 지위),organization,capital_partner,fund_beneficiary,펀드 수익자,beneficiary_snapshot,2025-11-30,Y,
SH000081,KB라이프생명보험,KB라이프생명보험,organization,capital_partner,fund_beneficiary,펀드 수익자,beneficiary_snapshot,2025-11-30,Y,
SH000082,KB생명,KB생명,organization,financing_partner,lender,금융기관(대주),lender_snapshot,2025-11-30,Y,
SH000083,KB생명보험,KB생명보험,organization,capital_partner,fund_beneficiary,펀드 수익자,beneficiary_snapshot,2025-11-30,Y,
SH000084,KB손해보험,KB손해보험,organization,capital_partner,fund_beneficiary,펀드 수익자,"beneficiary_snapshot,lender_snapshot",2025-11-30,Y,
SH000085,KB저축은행,KB저축은행,organization,capital_partner,fund_beneficiary,펀드 수익자,beneficiary_snapshot,2025-11-30,Y,
SH000086,KB증권,KB증권,organization,financing_partner,lender,금융기관(대주),"beneficiary_snapshot,lender_snapshot",2025-11-30,Y,
SH000087,KB증권(A),KB증권(A),organization,capital_partner,fund_beneficiary,펀드 수익자,beneficiary_snapshot,2025-11-30,Y,
SH000088,KB캐피탈,KB캐피탈,organization,financing_partner,lender,금융기관(대주),"beneficiary_snapshot,lender_snapshot",2025-11-30,Y,
SH000089,KCC건설,KCC건설,organization,project_partner,operator_contractor,운영/시공 파트너,counterparty_seed,,Y,
SH000090,KDB산업은행,KDB산업은행,organization,financing_partner,lender,금융기관(대주),lender_snapshot,2025-11-30,Y,
SH000091,KDB산은캐피탈,KDB산은캐피탈,organization,financing_partner,lender,금융기관(대주),lender_snapshot,2025-11-30,Y,
SH000092,KDB생명보험,KDB생명보험,organization,capital_partner,fund_beneficiary,펀드 수익자,beneficiary_snapshot,2025-11-30,Y,
SH000093,KDCIP 2호(Blind),KDCIP 2호(Blind),organization,capital_partner,fund_beneficiary,펀드 수익자,beneficiary_snapshot,2025-11-30,Y,
SH000094,KDCIP(A종)(Blind),KDCIP(A종)(Blind),organization,capital_partner,fund_beneficiary,펀드 수익자,beneficiary_snapshot,2025-11-30,Y,
SH000095,KG파트너스,KG파트너스,organization,capital_partner,fund_beneficiary,펀드 수익자,beneficiary_snapshot,2025-11-30,Y,
SH000096,KINX,KINX,organization,project_partner,operator_contractor,운영/시공 파트너,counterparty_seed,,Y,
SH000097,KT,KT,organization,project_partner,operator_contractor,운영/시공 파트너,counterparty_seed,,Y,
SH000098,KT&G,KT&G,organization,capital_partner,fund_beneficiary,펀드 수익자,beneficiary_snapshot,2025-11-30,Y,
SH000099,LG CNS,LG CNS,organization,project_partner,operator_contractor,운영/시공 파트너,counterparty_seed,,Y,
SH000100,LG U+,LG U+,organization,project_partner,operator_contractor,운영/시공 파트너,counterparty_seed,,Y,
SH000101,LG전자,LG전자,organization,occupier_customer,tenant,임차인,t5t_dashboard,2026-04-13,Y,
SH000102,LS전선,LS전선,organization,project_partner,operator_contractor,운영/시공 파트너,counterparty_seed,,Y,
SH000103,LX판토스,LX판토스,organization,occupier_customer,tenant,임차인,t5t_dashboard,2026-04-06,Y,
SH000104,M&G (APF 1 S.a.r.l),M&G (APF 1 S.a.r.l),organization,financing_partner,lender,금융기관(대주),"beneficiary_snapshot,lender_snapshot",2025-11-30,Y,
SH000105,M&G (APF 2 S.a.r.l),M&G (APF 2 S.a.r.l),organization,capital_partner,fund_beneficiary,펀드 수익자,beneficiary_snapshot,2025-11-30,Y,
SH000106,M&G(TS ASIA),M&G(TS ASIA),organization,capital_partner,fund_beneficiary,펀드 수익자,beneficiary_snapshot,2025-11-30,Y,
SH000107,MG새마을금고,MG새마을금고,organization,financing_partner,lender,금융기관(대주),"beneficiary_snapshot,lender_snapshot",2025-11-30,Y,
SH000108,MG새마을금고(용인중앙),MG새마을금고(용인중앙),organization,financing_partner,lender,금융기관(대주),lender_snapshot,2025-11-30,Y,
SH000109,MG새마을금고(이태원1동),MG새마을금고(이태원1동),organization,financing_partner,lender,금융기관(대주),lender_snapshot,2025-11-30,Y,
SH000110,MG새마을금고대주단,MG새마을금고대주단,organization,financing_partner,lender,금융기관(대주),lender_snapshot,2025-11-30,Y,
SH000111,MG새마을금고중앙회,MG새마을금고중앙회,organization,financing_partner,lender,금융기관(대주),"beneficiary_snapshot,lender_snapshot",2025-11-30,Y,
SH000112,MG캐피탈,MG캐피탈,organization,financing_partner,lender,금융기관(대주),lender_snapshot,2025-11-30,Y,
SH000113,Morgan stanley,Morgan stanley,organization,capital_partner,fund_beneficiary,펀드 수익자,beneficiary_snapshot,2025-11-30,Y,
SH000114,NH농협생명보험,NH농협생명보험,organization,capital_partner,fund_beneficiary,펀드 수익자,"beneficiary_snapshot,lender_snapshot",2025-11-30,Y,
SH000115,NH농협손해보험,NH농협손해보험,organization,capital_partner,fund_beneficiary,펀드 수익자,"beneficiary_snapshot,lender_snapshot",2025-11-30,Y,
SH000116,NH농협은행,NH농협은행,organization,financing_partner,lender,금융기관(대주),"beneficiary_snapshot,lender_snapshot",2025-11-30,Y,
SH000117,NH농협캐피탈,NH농협캐피탈,organization,financing_partner,lender,금융기관(대주),"beneficiary_snapshot,lender_snapshot",2025-11-30,Y,
SH000118,NH저축은행,NH저축은행,organization,financing_partner,lender,금융기관(대주),lender_snapshot,2025-11-30,Y,
SH000119,NH투자증권,NH투자증권,organization,capital_partner,fund_beneficiary,펀드 수익자,"beneficiary_snapshot,lender_snapshot",2025-11-30,Y,
SH000120,NH헤지자산운용,NH헤지자산운용,organization,capital_partner,fund_beneficiary,펀드 수익자,beneficiary_snapshot,2025-11-30,Y,
SH000121,NPS,NPS,organization,capital_partner,institutional_lp,기관투자자(LP),t5t_dashboard,2026-04-12,Y,
SH000122,NTI,NTI,organization,capital_partner,fund_beneficiary,펀드 수익자,beneficiary_snapshot,2025-11-30,Y,
SH000123,NUBIRA PTE. LTD.,NUBIRA PTE. LTD.,organization,capital_partner,fund_beneficiary,펀드 수익자,beneficiary_snapshot,2025-11-30,Y,
SH000124,North Sky Luge No 4 Limited,North Sky Luge No 4 Limited,organization,capital_partner,fund_beneficiary,펀드 수익자,beneficiary_snapshot,2025-11-30,Y,
SH000125,Nuveen,Nuveen,organization,strategic_partner,overseas_partner,해외 파트너,t5t_dashboard,2026-04-12,Y,
SH000126,Nuveen Group Holdings Limited,Nuveen Group Holdings Limited,organization,capital_partner,fund_beneficiary,펀드 수익자,beneficiary_snapshot,2025-11-30,Y,
SH000127,OCBC Bank,OCBC Bank,organization,financing_partner,lender,금융기관(대주),lender_snapshot,2025-11-30,Y,
SH000128,OSB저축은행,OSB저축은행,organization,financing_partner,lender,금융기관(대주),lender_snapshot,2025-11-30,Y,
SH000129,Pinnacle Eagle Ltd.,Pinnacle Eagle Ltd.,organization,capital_partner,fund_beneficiary,펀드 수익자,beneficiary_snapshot,2025-11-30,Y,
SH000130,Pinnacle KR Asset PTE.LTD,Pinnacle KR Asset PTE.LTD,organization,capital_partner,fund_beneficiary,펀드 수익자,beneficiary_snapshot,2025-11-30,Y,
SH000131,RECO JUNIPER PRIVATE LIMITED,RECO JUNIPER PRIVATE LIMITED,organization,capital_partner,fund_beneficiary,펀드 수익자,beneficiary_snapshot,2025-11-30,Y,
SH000132,Reco Marigold Private Limited.,Reco Marigold Private Limited.,organization,capital_partner,fund_beneficiary,펀드 수익자,beneficiary_snapshot,2025-11-30,Y,
SH000133,Rsquare,Rsquare,organization,advisor_intermediary,advisor,주간사/자문,t5t_dashboard,2026-03-03,Y,
SH000134,SBI저축은행,SBI저축은행,organization,capital_partner,fund_beneficiary,펀드 수익자,"beneficiary_snapshot,lender_snapshot",2025-11-30,Y,
SH000135,SC제일은행,SC제일은행,organization,financing_partner,lender,금융기관(대주),lender_snapshot,2025-11-30,Y,
SH000136,SGC E&C,SGC E&C,organization,project_partner,operator_contractor,운영/시공 파트너,counterparty_seed,,Y,
SH000137,SKB,SKB,organization,project_partner,operator_contractor,운영/시공 파트너,counterparty_seed,,Y,
SH000138,SK디앤디,SK디앤디,organization,capital_partner,fund_beneficiary,펀드 수익자,beneficiary_snapshot,2025-11-30,Y,
SH000139,SK에코플랜트,SK에코플랜트,organization,project_partner,operator_contractor,운영/시공 파트너,counterparty_seed,,Y,
SH000140,SPC,SPC,organization,financing_partner,lender,금융기관(대주),lender_snapshot,2025-11-30,Y,
SH000141,STAK,STAK,organization,project_partner,operator_contractor,운영/시공 파트너,counterparty_seed,,Y,
SH000142,TDH2,TDH2,organization,financing_partner,lender,금융기관(대주),lender_snapshot,2025-11-30,Y,
SH000143,TTN,TTN,organization,capital_partner,fund_beneficiary,펀드 수익자,beneficiary_snapshot,2025-11-30,Y,
SH000144,Tow Heng Tan,Tow Heng Tan,organization,capital_partner,fund_beneficiary,펀드 수익자,beneficiary_snapshot,2025-11-30,Y,
SH000145,WSP,WSP,organization,project_partner,operator_contractor,운영/시공 파트너,counterparty_seed,,Y,
SH000146,Washington D.C.,Washington D.C.,organization,strategic_partner,overseas_partner,해외 파트너,t5t_dashboard,2026-01-14,Y,
SH000147,Woodies,Woodies,organization,strategic_partner,overseas_partner,해외 파트너,t5t_dashboard,2026-03-26,Y,
SH000148,Woori 아메리카,Woori 아메리카,organization,financing_partner,lender,금융기관(대주),lender_snapshot,2025-11-30,Y,
SH000149,YG자산개발 및 개인3인,YG자산개발 및 개인3인,person,capital_partner,fund_beneficiary,펀드 수익자,beneficiary_snapshot,2025-11-30,Y,
SH000150,Yeongdong(Korea)Pte.Ltd,Yeongdong(Korea)Pte.Ltd,organization,capital_partner,fund_beneficiary,펀드 수익자,beneficiary_snapshot,2025-11-30,Y,
SH000151,"iM뱅크(구, DGB대구은행)","iM뱅크(구, DGB대구은행)",organization,financing_partner,lender,금융기관(대주),lender_snapshot,2025-11-30,Y,
SH000152,"iM캐피탈(구, DGB캐피탈)","iM캐피탈(구, DGB캐피탈)",organization,financing_partner,lender,금융기관(대주),lender_snapshot,2025-11-30,Y,
SH000153,가비아,가비아,organization,project_partner,operator_contractor,운영/시공 파트너,counterparty_seed,,Y,
SH000154,간삼,간삼,organization,project_partner,operator_contractor,운영/시공 파트너,counterparty_seed,,Y,
SH000155,개인,개인,person,capital_partner,fund_beneficiary,펀드 수익자,"beneficiary_snapshot,lender_snapshot",2025-11-30,Y,
SH000156,개인 투자자,개인 투자자,person,capital_partner,fund_beneficiary,펀드 수익자,beneficiary_snapshot,2025-11-30,Y,
SH000157,개인(강대우),개인(강대우),person,capital_partner,fund_beneficiary,펀드 수익자,beneficiary_snapshot,2025-11-30,Y,
SH000158,개인(강민구),개인(강민구),person,capital_partner,fund_beneficiary,펀드 수익자,beneficiary_snapshot,2025-11-30,Y,
SH000159,개인(강수현),개인(강수현),person,capital_partner,fund_beneficiary,펀드 수익자,beneficiary_snapshot,2025-11-30,Y,
SH000160,개인(강영구),개인(강영구),person,capital_partner,fund_beneficiary,펀드 수익자,beneficiary_snapshot,2025-11-30,Y,
SH000161,개인(김건호),개인(김건호),person,capital_partner,fund_beneficiary,펀드 수익자,beneficiary_snapshot,2025-11-30,Y,
SH000162,개인(김남호),개인(김남호),person,capital_partner,fund_beneficiary,펀드 수익자,beneficiary_snapshot,2025-11-30,Y,
SH000163,개인(김남희),개인(김남희),person,capital_partner,fund_beneficiary,펀드 수익자,beneficiary_snapshot,2025-11-30,Y,
SH000164,개인(김도현),개인(김도현),person,capital_partner,fund_beneficiary,펀드 수익자,beneficiary_snapshot,2025-11-30,Y,
SH000165,개인(김민지),개인(김민지),person,capital_partner,fund_beneficiary,펀드 수익자,beneficiary_snapshot,2025-11-30,Y,
SH000166,개인(김율희),개인(김율희),person,capital_partner,fund_beneficiary,펀드 수익자,beneficiary_snapshot,2025-11-30,Y,
SH000167,개인(김주성),개인(김주성),person,capital_partner,fund_beneficiary,펀드 수익자,beneficiary_snapshot,2025-11-30,Y,
SH000168,개인(김주형),개인(김주형),person,capital_partner,fund_beneficiary,펀드 수익자,beneficiary_snapshot,2025-11-30,Y,
SH000169,개인(김주희),개인(김주희),person,capital_partner,fund_beneficiary,펀드 수익자,beneficiary_snapshot,2025-11-30,Y,
SH000170,개인(김태호),개인(김태호),person,capital_partner,fund_beneficiary,펀드 수익자,beneficiary_snapshot,2025-11-30,Y,
SH000171,개인(김희원),개인(김희원),person,capital_partner,fund_beneficiary,펀드 수익자,beneficiary_snapshot,2025-11-30,Y,
SH000172,개인(박금자),개인(박금자),person,capital_partner,fund_beneficiary,펀드 수익자,beneficiary_snapshot,2025-11-30,Y,
SH000173,개인(박상태),개인(박상태),person,capital_partner,fund_beneficiary,펀드 수익자,beneficiary_snapshot,2025-11-30,Y,
SH000174,개인(백현미),개인(백현미),person,capital_partner,fund_beneficiary,펀드 수익자,beneficiary_snapshot,2025-11-30,Y,
SH000175,개인(이수연),개인(이수연),person,capital_partner,fund_beneficiary,펀드 수익자,beneficiary_snapshot,2025-11-30,Y,
SH000176,개인(이인영),개인(이인영),person,capital_partner,fund_beneficiary,펀드 수익자,beneficiary_snapshot,2025-11-30,Y,
SH000177,개인(조갑주),개인(조갑주),person,capital_partner,fund_beneficiary,펀드 수익자,beneficiary_snapshot,2025-11-30,Y,
SH000178,개인(주구슬),개인(주구슬),person,capital_partner,fund_beneficiary,펀드 수익자,beneficiary_snapshot,2025-11-30,Y,
SH000179,개인1(A종),개인1(A종),person,capital_partner,fund_beneficiary,펀드 수익자,beneficiary_snapshot,2025-11-30,Y,
SH000180,개인2(A종),개인2(A종),person,capital_partner,fund_beneficiary,펀드 수익자,beneficiary_snapshot,2025-11-30,Y,
SH000181,개인3(A종),개인3(A종),person,capital_partner,fund_beneficiary,펀드 수익자,beneficiary_snapshot,2025-11-30,Y,
SH000182,개인투자자,개인투자자,person,capital_partner,fund_beneficiary,펀드 수익자,beneficiary_snapshot,2025-11-30,Y,
SH000183,개인투자자 포함,개인투자자 포함,person,capital_partner,fund_beneficiary,펀드 수익자,beneficiary_snapshot,2025-11-30,Y,
SH000184,개인투자자 포함(공모펀드),개인투자자 포함(공모펀드),person,capital_partner,fund_beneficiary,펀드 수익자,beneficiary_snapshot,2025-11-30,Y,
SH000185,개인투자자들,개인투자자들,person,capital_partner,fund_beneficiary,펀드 수익자,beneficiary_snapshot,2025-11-30,Y,
SH000186,건강한시간,건강한시간,organization,capital_partner,fund_beneficiary,펀드 수익자,beneficiary_snapshot,2025-11-30,Y,
SH000187,건설근로자공제회,건설근로자공제회,organization,capital_partner,fund_beneficiary,펀드 수익자,beneficiary_snapshot,2025-11-30,Y,
SH000188,건원엔지니어링,건원엔지니어링,organization,project_partner,operator_contractor,운영/시공 파트너,counterparty_seed,,Y,
SH000189,게우트플래닝,게우트플래닝,organization,capital_partner,fund_beneficiary,펀드 수익자,beneficiary_snapshot,2025-11-30,Y,
SH000190,경남은행,경남은행,organization,capital_partner,fund_beneficiary,펀드 수익자,beneficiary_snapshot,2025-11-30,Y,
SH000191,경방,경방,organization,capital_partner,fund_beneficiary,펀드 수익자,beneficiary_snapshot,2025-11-30,Y,
SH000192,경찰공제회,경찰공제회,organization,capital_partner,fund_beneficiary,펀드 수익자,beneficiary_snapshot,2025-11-30,Y,
SH000193,고용노동부 산재보험기금,고용노동부 산재보험기금,organization,capital_partner,fund_beneficiary,펀드 수익자,beneficiary_snapshot,2025-11-30,Y,
SH000194,골든웨이브(유),골든웨이브(유),organization,capital_partner,fund_beneficiary,펀드 수익자,beneficiary_snapshot,2025-11-30,Y,
SH000195,공모,공모,organization,capital_partner,fund_beneficiary,펀드 수익자,beneficiary_snapshot,2025-11-30,Y,
SH000196,공무원연금공단,공무원연금공단,organization,capital_partner,fund_beneficiary,펀드 수익자,beneficiary_snapshot,2025-11-30,Y,
SH000197,공제회,공제회,organization,capital_partner,institutional_lp,기관투자자(LP),t5t_dashboard,2026-04-13,Y,
SH000198,과학기술인공제회,과학기술인공제회,organization,capital_partner,fund_beneficiary,펀드 수익자,"beneficiary_snapshot,lender_snapshot",2025-11-30,Y,
SH000199,광주은행,광주은행,organization,financing_partner,lender,금융기관(대주),lender_snapshot,2025-11-30,Y,
SH000200,교보리얼코,교보리얼코,organization,capital_partner,fund_beneficiary,펀드 수익자,beneficiary_snapshot,2025-11-30,Y,
SH000201,교보생명,교보생명,organization,financing_partner,lender,금융기관(대주),lender_snapshot,2025-11-30,Y,
SH000202,교보생명보험,교보생명보험,organization,capital_partner,fund_beneficiary,펀드 수익자,beneficiary_snapshot,2025-11-30,Y,
SH000203,교보생명보험(연금),교보생명보험(연금),organization,capital_partner,fund_beneficiary,펀드 수익자,beneficiary_snapshot,2025-11-30,Y,
SH000204,교보자산신탁,교보자산신탁,organization,capital_partner,fund_beneficiary,펀드 수익자,beneficiary_snapshot,2025-11-30,Y,
SH000205,교보증권,교보증권,organization,capital_partner,fund_beneficiary,펀드 수익자,beneficiary_snapshot,2025-11-30,Y,
SH000206,교원공제회,교원공제회,organization,capital_partner,institutional_lp,기관투자자(LP),t5t_dashboard,2026-03-27,Y,
SH000207,교원라이프,교원라이프,organization,capital_partner,fund_beneficiary,펀드 수익자,beneficiary_snapshot,2025-11-30,Y,
SH000208,교원인베스트,교원인베스트,organization,capital_partner,fund_beneficiary,펀드 수익자,beneficiary_snapshot,2025-11-30,Y,
SH000209,교정공제회,교정공제회,organization,capital_partner,fund_beneficiary,펀드 수익자,beneficiary_snapshot,2025-11-30,Y,
SH000210,교직원공제회,교직원공제회,organization,capital_partner,institutional_lp,기관투자자(LP),t5t_dashboard,2026-04-13,Y,
SH000211,구봉산업,구봉산업,organization,capital_partner,fund_beneficiary,펀드 수익자,beneficiary_snapshot,2025-11-30,Y,
SH000212,국가철도공단,국가철도공단,organization,capital_partner,fund_beneficiary,펀드 수익자,beneficiary_snapshot,2025-11-30,Y,
SH000213,국민연금,국민연금,organization,capital_partner,institutional_lp,기관투자자(LP),t5t_dashboard,2026-04-13,Y,
SH000214,국민연금공단,국민연금공단,organization,capital_partner,fund_beneficiary,펀드 수익자,beneficiary_snapshot,2025-11-30,Y,
SH000215,국민연금공단(1종),국민연금공단(1종),organization,capital_partner,fund_beneficiary,펀드 수익자,beneficiary_snapshot,2025-11-30,Y,
SH000216,국민연금공단(2종),국민연금공단(2종),organization,capital_partner,fund_beneficiary,펀드 수익자,beneficiary_snapshot,2025-11-30,Y,
SH000217,군인공제회,군인공제회,organization,capital_partner,fund_beneficiary,펀드 수익자,"beneficiary_snapshot,lender_snapshot",2025-11-30,Y,
SH000218,굿포어스,굿포어스,organization,capital_partner,fund_beneficiary,펀드 수익자,beneficiary_snapshot,2025-11-30,Y,
SH000219,그린웨이브알앤디,그린웨이브알앤디,organization,capital_partner,fund_beneficiary,펀드 수익자,beneficiary_snapshot,2025-11-30,Y,
SH000220,근영농산,근영농산,organization,capital_partner,fund_beneficiary,펀드 수익자,beneficiary_snapshot,2025-11-30,Y,
SH000221,금성백조건설,금성백조건설,organization,project_partner,operator_contractor,운영/시공 파트너,counterparty_seed,,Y,
SH000222,금성백조주택,금성백조주택,organization,capital_partner,fund_beneficiary,펀드 수익자,beneficiary_snapshot,2025-11-30,Y,
SH000223,금화저축은행,금화저축은행,organization,capital_partner,fund_beneficiary,펀드 수익자,beneficiary_snapshot,2025-11-30,Y,
SH000224,기관투자자,기관투자자,organization,capital_partner,fund_beneficiary,펀드 수익자,beneficiary_snapshot,2025-11-30,Y,
SH000225,기안건축,기안건축,organization,project_partner,operator_contractor,운영/시공 파트너,counterparty_seed,,Y,
SH000226,남산드림힐튼제일차,남산드림힐튼제일차,organization,financing_partner,lender,금융기관(대주),lender_snapshot,2025-11-30,Y,
SH000227,남양저축은행,남양저축은행,organization,capital_partner,fund_beneficiary,펀드 수익자,beneficiary_snapshot,2025-11-30,Y,
SH000228,네오밸류,네오밸류,organization,capital_partner,fund_beneficiary,펀드 수익자,beneficiary_snapshot,2025-11-30,Y,
SH000229,넥슨코리아,넥슨코리아,organization,capital_partner,fund_beneficiary,펀드 수익자,beneficiary_snapshot,2025-11-30,Y,
SH000230,노란우산공제회,노란우산공제회,organization,capital_partner,fund_beneficiary,펀드 수익자,beneficiary_snapshot,2025-11-30,Y,
SH000231,농업협동조합중앙회,농업협동조합중앙회,organization,capital_partner,fund_beneficiary,펀드 수익자,beneficiary_snapshot,2025-11-30,Y,
SH000232,농협(가야농업협동조합),농협(가야농업협동조합),organization,financing_partner,lender,금융기관(대주),lender_snapshot,2025-11-30,Y,
SH000233,농협(감곡농업협동조합),농협(감곡농업협동조합),organization,financing_partner,lender,금융기관(대주),lender_snapshot,2025-11-30,Y,
SH000234,농협(강내농업협동조합),농협(강내농업협동조합),organization,financing_partner,lender,금융기관(대주),lender_snapshot,2025-11-30,Y,
SH000235,농협(강동농업협동조합),농협(강동농업협동조합),organization,financing_partner,lender,금융기관(대주),lender_snapshot,2025-11-30,Y,
SH000236,농협(거제해금강농업협동조합),농협(거제해금강농업협동조합),organization,financing_partner,lender,금융기관(대주),lender_snapshot,2025-11-30,Y,
SH000237,농협(고흥농업협동조합),농협(고흥농업협동조합),organization,financing_partner,lender,금융기관(대주),lender_snapshot,2025-11-30,Y,
SH000238,농협(광명농업협동조합),농협(광명농업협동조합),organization,financing_partner,lender,금융기관(대주),lender_snapshot,2025-11-30,Y,
SH000239,농협(구림농업협동조합),농협(구림농업협동조합),organization,financing_partner,lender,금융기관(대주),lender_snapshot,2025-11-30,Y,
SH000240,농협(규암농업협동조합),농협(규암농업협동조합),organization,financing_partner,lender,금융기관(대주),lender_snapshot,2025-11-30,Y,
SH000241,농협(근흥농업협동조합),농협(근흥농업협동조합),organization,financing_partner,lender,금융기관(대주),lender_snapshot,2025-11-30,Y,
SH000242,농협(금산인삼농업협동조합),농협(금산인삼농업협동조합),organization,financing_partner,lender,금융기관(대주),lender_snapshot,2025-11-30,Y,
SH000243,농협(금왕농업협동조합),농협(금왕농업협동조합),organization,financing_partner,lender,금융기관(대주),lender_snapshot,2025-11-30,Y,
SH000244,농협(남밀양농업협동조합),농협(남밀양농업협동조합),organization,financing_partner,lender,금융기관(대주),lender_snapshot,2025-11-30,Y,
SH000245,농협(대구경북능금농업협동조합),농협(대구경북능금농업협동조합),organization,financing_partner,lender,금융기관(대주),lender_snapshot,2025-11-30,Y,
SH000246,농협(대천농업협동조합),농협(대천농업협동조합),organization,financing_partner,lender,금융기관(대주),lender_snapshot,2025-11-30,Y,
SH000247,농협(동경주농업협동조합),농협(동경주농업협동조합),organization,financing_partner,lender,금융기관(대주),lender_snapshot,2025-11-30,Y,
SH000248,농협(동군산농업협동조합),농협(동군산농업협동조합),organization,financing_partner,lender,금융기관(대주),lender_snapshot,2025-11-30,Y,
SH000249,농협(동북농업협동조합),농협(동북농업협동조합),organization,financing_partner,lender,금융기관(대주),lender_snapshot,2025-11-30,Y,
SH000250,농협(마도농업협동조합),농협(마도농업협동조합),organization,financing_partner,lender,금융기관(대주),lender_snapshot,2025-11-30,Y,
SH000251,농협(몽탄농업협동조합),농협(몽탄농업협동조합),organization,financing_partner,lender,금융기관(대주),lender_snapshot,2025-11-30,Y,
SH000252,농협(문막농업협동조합),농협(문막농업협동조합),organization,financing_partner,lender,금융기관(대주),lender_snapshot,2025-11-30,Y,
SH000253,농협(백석농업협동조합),농협(백석농업협동조합),organization,financing_partner,lender,금융기관(대주),lender_snapshot,2025-11-30,Y,
SH000254,농협(백운농업협동조합),농협(백운농업협동조합),organization,financing_partner,lender,금융기관(대주),lender_snapshot,2025-11-30,Y,
SH000255,농협(봉동농업협동조합),농협(봉동농업협동조합),organization,financing_partner,lender,금융기관(대주),lender_snapshot,2025-11-30,Y,
SH000256,농협(부안중앙농업협동조합),농협(부안중앙농업협동조합),organization,financing_partner,lender,금융기관(대주),lender_snapshot,2025-11-30,Y,
SH000257,농협(사등농업협동조합),농협(사등농업협동조합),organization,financing_partner,lender,금융기관(대주),lender_snapshot,2025-11-30,Y,
SH000258,농협(산청군농업협동조합),농협(산청군농업협동조합),organization,financing_partner,lender,금융기관(대주),lender_snapshot,2025-11-30,Y,
SH000259,농협(삼칠농업협동조합),농협(삼칠농업협동조합),organization,financing_partner,lender,금융기관(대주),lender_snapshot,2025-11-30,Y,
SH000260,농협(삼호농업협동조합),농협(삼호농업협동조합),organization,financing_partner,lender,금융기관(대주),lender_snapshot,2025-11-30,Y,
SH000261,농협(서석농업협동조합),농협(서석농업협동조합),organization,financing_partner,lender,금융기관(대주),lender_snapshot,2025-11-30,Y,
SH000262,농협(서신농업협동조합),농협(서신농업협동조합),organization,financing_partner,lender,금융기관(대주),lender_snapshot,2025-11-30,Y,
SH000263,농협(소양농업협동조합),농협(소양농업협동조합),organization,financing_partner,lender,금융기관(대주),lender_snapshot,2025-11-30,Y,
SH000264,농협(소초농업협동조합),농협(소초농업협동조합),organization,financing_partner,lender,금융기관(대주),lender_snapshot,2025-11-30,Y,
SH000265,농협(수륜농업협동조합),농협(수륜농업협동조합),organization,financing_partner,lender,금융기관(대주),lender_snapshot,2025-11-30,Y,
SH000266,농협(수원농업협동조합),농협(수원농업협동조합),organization,financing_partner,lender,금융기관(대주),lender_snapshot,2025-11-30,Y,
SH000267,농협(순창농업협동조합),농협(순창농업협동조합),organization,financing_partner,lender,금융기관(대주),lender_snapshot,2025-11-30,Y,
SH000268,농협(안계농업협동조합),농협(안계농업협동조합),organization,financing_partner,lender,금융기관(대주),lender_snapshot,2025-11-30,Y,
SH000269,농협(안흥농업협동조합),농협(안흥농업협동조합),organization,financing_partner,lender,금융기관(대주),lender_snapshot,2025-11-30,Y,
SH000270,농협(영덕농업협동조합),농협(영덕농업협동조합),organization,financing_partner,lender,금융기관(대주),lender_snapshot,2025-11-30,Y,
SH000271,농협(예산중앙농업협동조합),농협(예산중앙농업협동조합),organization,financing_partner,lender,금융기관(대주),lender_snapshot,2025-11-30,Y,
SH000272,농협(왕궁농업협동조합),농협(왕궁농업협동조합),organization,financing_partner,lender,금융기관(대주),lender_snapshot,2025-11-30,Y,
SH000273,농협(용성농업협동조합),농협(용성농업협동조합),organization,financing_partner,lender,금융기관(대주),lender_snapshot,2025-11-30,Y,
SH000274,농협(울릉농업협동조합),농협(울릉농업협동조합),organization,financing_partner,lender,금융기관(대주),lender_snapshot,2025-11-30,Y,
SH000275,농협(월출산농업협동조합),농협(월출산농업협동조합),organization,financing_partner,lender,금융기관(대주),lender_snapshot,2025-11-30,Y,
SH000276,농협(의령농업협동조합),농협(의령농업협동조합),organization,financing_partner,lender,금융기관(대주),lender_snapshot,2025-11-30,Y,
SH000277,농협(임실농업협동조합),농협(임실농업협동조합),organization,financing_partner,lender,금융기관(대주),lender_snapshot,2025-11-30,Y,
SH000278,농협(제주고산농업협동조합),농협(제주고산농업협동조합),organization,financing_partner,lender,금융기관(대주),lender_snapshot,2025-11-30,Y,
SH000279,농협(진도농업협동조합),농협(진도농업협동조합),organization,financing_partner,lender,금융기관(대주),lender_snapshot,2025-11-30,Y,
SH000280,농협(진주진양농업협동조합),농협(진주진양농업협동조합),organization,financing_partner,lender,금융기관(대주),lender_snapshot,2025-11-30,Y,
SH000281,농협(진해농업협동조합),농협(진해농업협동조합),organization,financing_partner,lender,금융기관(대주),lender_snapshot,2025-11-30,Y,
SH000282,농협(철원농업협동조합),농협(철원농업협동조합),organization,financing_partner,lender,금융기관(대주),lender_snapshot,2025-11-30,Y,
SH000283,농협(추풍령농업협동조합),농협(추풍령농업협동조합),organization,financing_partner,lender,금융기관(대주),lender_snapshot,2025-11-30,Y,
SH000284,농협(춘천강동농업협동조합),농협(춘천강동농업협동조합),organization,financing_partner,lender,금융기관(대주),lender_snapshot,2025-11-30,Y,
SH000285,농협(하서농업협동조합),농협(하서농업협동조합),organization,financing_partner,lender,금융기관(대주),lender_snapshot,2025-11-30,Y,
SH000286,농협(하양농업협동조합 동부지점),농협(하양농업협동조합 동부지점),organization,financing_partner,lender,금융기관(대주),lender_snapshot,2025-11-30,Y,
SH000287,농협(함덕농업협동조합),농협(함덕농업협동조합),organization,financing_partner,lender,금융기관(대주),lender_snapshot,2025-11-30,Y,
SH000288,농협(함창농업협동조합),농협(함창농업협동조합),organization,financing_partner,lender,금융기관(대주),lender_snapshot,2025-11-30,Y,
SH000289,농협(합천농업협동조합),농협(합천농업협동조합),organization,financing_partner,lender,금융기관(대주),lender_snapshot,2025-11-30,Y,
SH000290,농협(합천새남부농업협동조합),농협(합천새남부농업협동조합),organization,financing_partner,lender,금융기관(대주),lender_snapshot,2025-11-30,Y,
SH000291,농협(현서농업협동조합),농협(현서농업협동조합),organization,financing_partner,lender,금융기관(대주),lender_snapshot,2025-11-30,Y,
SH000292,농협(홍성낙농협동조합),농협(홍성낙농협동조합),organization,financing_partner,lender,금융기관(대주),lender_snapshot,2025-11-30,Y,
SH000293,농협(홍해농업협동조합),농협(홍해농업협동조합),organization,financing_partner,lender,금융기관(대주),lender_snapshot,2025-11-30,Y,
SH000294,농협(화개악양농업협동조합),농협(화개악양농업협동조합),organization,financing_partner,lender,금융기관(대주),lender_snapshot,2025-11-30,Y,
SH000295,농협대주단,농협대주단,organization,financing_partner,lender,금융기관(대주),lender_snapshot,2025-11-30,Y,
SH000296,농협중앙회(농업협동조합중앙회),농협중앙회(농업협동조합중앙회),organization,financing_partner,lender,금융기관(대주),lender_snapshot,2025-11-30,Y,
SH000297,뉴스타케이제일차,뉴스타케이제일차,organization,financing_partner,lender,금융기관(대주),lender_snapshot,2025-11-30,Y,
SH000298,뉴익스파트너스,뉴익스파트너스,organization,capital_partner,fund_beneficiary,펀드 수익자,beneficiary_snapshot,2025-11-30,Y,
SH000299,다안건설,다안건설,organization,capital_partner,fund_beneficiary,펀드 수익자,beneficiary_snapshot,2025-11-30,Y,
SH000300,다올저축은행,다올저축은행,organization,capital_partner,fund_beneficiary,펀드 수익자,"beneficiary_snapshot,lender_snapshot",2025-11-30,Y,
SH000301,다이와,다이와,organization,financing_partner,lender,금융기관(대주),t5t_dashboard,2026-04-13,Y,
SH000302,담배인삼공제회,담배인삼공제회,organization,capital_partner,fund_beneficiary,펀드 수익자,beneficiary_snapshot,2025-11-30,Y,
SH000303,대교이앤씨,대교이앤씨,organization,capital_partner,fund_beneficiary,펀드 수익자,beneficiary_snapshot,2025-11-30,Y,
SH000304,대교홀딩스,대교홀딩스,organization,capital_partner,fund_beneficiary,펀드 수익자,beneficiary_snapshot,2025-11-30,Y,
SH000305,대구대건신용협동조합,대구대건신용협동조합,organization,financing_partner,lender,금융기관(대주),lender_snapshot,2025-11-30,Y,
SH000306,대림,대림,organization,capital_partner,fund_beneficiary,펀드 수익자,beneficiary_snapshot,2025-11-30,Y,
SH000307,대승글로벌,대승글로벌,organization,capital_partner,fund_beneficiary,펀드 수익자,beneficiary_snapshot,2025-11-30,Y,
SH000308,대신자산신탁,대신자산신탁,organization,capital_partner,fund_beneficiary,펀드 수익자,beneficiary_snapshot,2025-11-30,Y,
SH000309,대신저축은행,대신저축은행,organization,financing_partner,lender,금융기관(대주),lender_snapshot,2025-11-30,Y,
SH000310,대우건설,대우건설,organization,capital_partner,fund_beneficiary,펀드 수익자,"beneficiary_snapshot,counterparty_seed",2025-11-30,Y,
SH000311,대한소방공제회,대한소방공제회,organization,capital_partner,fund_beneficiary,펀드 수익자,beneficiary_snapshot,2025-11-30,Y,
SH000312,대한지방행정공제회,대한지방행정공제회,organization,capital_partner,fund_beneficiary,펀드 수익자,beneficiary_snapshot,2025-11-30,Y,
SH000313,대한토지신탁,대한토지신탁,organization,capital_partner,fund_beneficiary,펀드 수익자,beneficiary_snapshot,2025-11-30,Y,
SH000314,더시스템랩,더시스템랩,organization,project_partner,operator_contractor,운영/시공 파트너,counterparty_seed,,Y,
SH000315,더케이저축은행,더케이저축은행,organization,financing_partner,lender,금융기관(대주),"beneficiary_snapshot,lender_snapshot",2025-11-30,Y,
SH000316,데피니트파트너스,데피니트파트너스,organization,capital_partner,fund_beneficiary,펀드 수익자,beneficiary_snapshot,2025-11-30,Y,
SH000317,동부건설,동부건설,organization,project_partner,operator_contractor,운영/시공 파트너,counterparty_seed,,Y,
SH000318,동부산테마파크,동부산테마파크,organization,capital_partner,fund_beneficiary,펀드 수익자,beneficiary_snapshot,2025-11-30,Y,
SH000319,동양생명,동양생명,organization,financing_partner,lender,금융기관(대주),lender_snapshot,2025-11-30,Y,
SH000320,동원건설산업,동원건설산업,organization,project_partner,operator_contractor,운영/시공 파트너,counterparty_seed,,Y,
SH000321,동원제일저축은행,동원제일저축은행,organization,financing_partner,lender,금융기관(대주),lender_snapshot,2025-11-30,Y,
SH000322,동일건축,동일건축,organization,project_partner,operator_contractor,운영/시공 파트너,counterparty_seed,,Y,
SH000323,동일스위트,동일스위트,organization,capital_partner,fund_beneficiary,펀드 수익자,"beneficiary_snapshot,lender_snapshot",2025-11-30,Y,
SH000324,두가 CNC,두가 CNC,organization,project_partner,operator_contractor,운영/시공 파트너,counterparty_seed,,Y,
SH000325,디비에스은행,디비에스은행,organization,financing_partner,lender,금융기관(대주),lender_snapshot,2025-11-30,Y,
SH000326,디앤디플랫폼리츠,디앤디플랫폼리츠,organization,capital_partner,fund_beneficiary,펀드 수익자,beneficiary_snapshot,2025-11-30,Y,
SH000327,디앤에스씨,디앤에스씨,organization,capital_partner,fund_beneficiary,펀드 수익자,beneficiary_snapshot,2025-11-30,Y,
SH000328,디앤오,디앤오,organization,capital_partner,fund_beneficiary,펀드 수익자,beneficiary_snapshot,2025-11-30,Y,
SH000329,디에스네트웍스,디에스네트웍스,organization,capital_partner,fund_beneficiary,펀드 수익자,beneficiary_snapshot,2025-11-30,Y,
SH000330,디에스센트럴프라임,디에스센트럴프라임,organization,financing_partner,lender,금융기관(대주),lender_snapshot,2025-11-30,Y,
SH000331,디에스클러스터,디에스클러스터,organization,capital_partner,fund_beneficiary,펀드 수익자,beneficiary_snapshot,2025-11-30,Y,
SH000332,디와이시스템,디와이시스템,organization,capital_partner,fund_beneficiary,펀드 수익자,beneficiary_snapshot,2025-11-30,Y,
SH000333,디피아이피코리아 유한회사,디피아이피코리아 유한회사,organization,capital_partner,fund_beneficiary,펀드 수익자,beneficiary_snapshot,2025-11-30,Y,
SH000334,라인플러스,라인플러스,organization,occupier_customer,tenant,임차인,t5t_dashboard,2026-04-12,Y,
SH000335,라크라,라크라,organization,capital_partner,fund_beneficiary,펀드 수익자,beneficiary_snapshot,2025-11-30,Y,
SH000336,롯데 이노베이트,롯데 이노베이트,organization,project_partner,operator_contractor,운영/시공 파트너,counterparty_seed,,Y,
SH000337,롯데건설,롯데건설,organization,project_partner,operator_contractor,운영/시공 파트너,counterparty_seed,,Y,
SH000338,롯데손해보험,롯데손해보험,organization,capital_partner,fund_beneficiary,펀드 수익자,"beneficiary_snapshot,lender_snapshot",2025-11-30,Y,
SH000339,롯데쇼핑,롯데쇼핑,organization,occupier_customer,tenant,임차인,"beneficiary_snapshot,t5t_dashboard",2026-03-30,Y,
SH000340,롯데캐피탈,롯데캐피탈,organization,financing_partner,lender,금융기관(대주),lender_snapshot,2025-11-30,Y,
SH000341,리테일투자자,리테일투자자,organization,capital_partner,fund_beneficiary,펀드 수익자,beneficiary_snapshot,2025-11-30,Y,
SH000342,마르스자산운용,마르스자산운용,organization,capital_partner,fund_beneficiary,펀드 수익자,beneficiary_snapshot,2025-11-30,Y,
SH000343,마스터자산운용,마스터자산운용,organization,capital_partner,fund_beneficiary,펀드 수익자,beneficiary_snapshot,2025-11-30,Y,
SH000344,마스턴투자운용,마스턴투자운용,organization,capital_partner,fund_beneficiary,펀드 수익자,beneficiary_snapshot,2025-11-30,Y,
SH000345,마크자산운용(주),마크자산운용(주),organization,capital_partner,fund_beneficiary,펀드 수익자,beneficiary_snapshot,2025-11-30,Y,
SH000346,매도인,매도인,role_placeholder,transaction_counterparty,buyer_seller,매수/매도인,t5t_dashboard,2026-04-13,Y,
SH000347,매수인,매수인,role_placeholder,transaction_counterparty,buyer_seller,매수/매도인,t5t_dashboard,2026-04-13,Y,
SH000348,맥서브,맥서브,organization,capital_partner,fund_beneficiary,펀드 수익자,beneficiary_snapshot,2025-11-30,Y,
SH000349,머큐리자산운용,머큐리자산운용,organization,financing_partner,lender,금융기관(대주),lender_snapshot,2025-11-30,Y,
SH000350,메리츠,메리츠,organization,financing_partner,lender,금융기관(대주),t5t_dashboard,2026-04-13,Y,
SH000351,메리츠증권,메리츠증권,organization,capital_partner,fund_beneficiary,펀드 수익자,"beneficiary_snapshot,t5t_dashboard",2026-04-13,Y,
SH000352,메리츠캐피탈,메리츠캐피탈,organization,capital_partner,fund_beneficiary,펀드 수익자,"beneficiary_snapshot,lender_snapshot",2025-11-30,Y,
SH000353,메리츠화재,메리츠화재,organization,capital_partner,fund_beneficiary,펀드 수익자,beneficiary_snapshot,2025-11-30,Y,
SH000354,메리츠화재해상보험,메리츠화재해상보험,organization,financing_partner,lender,금융기관(대주),lender_snapshot,2025-11-30,Y,
SH000355,메트라이프생명보험,메트라이프생명보험,organization,financing_partner,lender,금융기관(대주),"beneficiary_snapshot,lender_snapshot",2025-11-30,Y,
SH000356,모니모남산제일차,모니모남산제일차,organization,financing_partner,lender,금융기관(대주),lender_snapshot,2025-11-30,Y,
SH000357,모멘스솔루션,모멘스솔루션,organization,capital_partner,fund_beneficiary,펀드 수익자,beneficiary_snapshot,2025-11-30,Y,
SH000358,모아저축은행,모아저축은행,organization,financing_partner,lender,금융기관(대주),lender_snapshot,2025-11-30,Y,
SH000359,무궁화신탁,무궁화신탁,organization,capital_partner,fund_beneficiary,펀드 수익자,beneficiary_snapshot,2025-11-30,Y,
SH000360,무림캐피탈,무림캐피탈,organization,financing_partner,lender,금융기관(대주),lender_snapshot,2025-11-30,Y,
SH000361,무영,무영,organization,project_partner,operator_contractor,운영/시공 파트너,counterparty_seed,,Y,
SH000362,문창신용협동조합,문창신용협동조합,organization,financing_partner,lender,금융기관(대주),lender_snapshot,2025-11-30,Y,
SH000363,미래에셋,미래에셋,organization,financing_partner,lender,금융기관(대주),t5t_dashboard,2026-04-13,Y,
SH000364,미래에셋 주택기금,미래에셋 주택기금,organization,capital_partner,fund_beneficiary,펀드 수익자,beneficiary_snapshot,2025-11-30,Y,
SH000365,미래에셋생명,미래에셋생명,organization,capital_partner,fund_beneficiary,펀드 수익자,beneficiary_snapshot,2025-11-30,Y,
SH000366,미래에셋자산운용OCIO,미래에셋자산운용OCIO,organization,capital_partner,fund_beneficiary,펀드 수익자,beneficiary_snapshot,2025-11-30,Y,
SH000367,미래에셋증권,미래에셋증권,organization,capital_partner,fund_beneficiary,펀드 수익자,"beneficiary_snapshot,lender_snapshot",2025-11-30,Y,
SH000368,미래에셋캐피탈,미래에셋캐피탈,organization,financing_partner,lender,금융기관(대주),lender_snapshot,2025-11-30,Y,
SH000369,미정,미정,organization,financing_partner,lender,금융기관(대주),"beneficiary_snapshot,lender_snapshot",2025-11-30,Y,
SH000370,밸류업베스트,밸류업베스트,organization,capital_partner,fund_beneficiary,펀드 수익자,beneficiary_snapshot,2025-11-30,Y,
SH000371,법무법인,법무법인,organization,advisor_intermediary,advisor,주간사/자문,t5t_dashboard,2026-04-14,Y,
SH000372,별정우체국연금관리단,별정우체국연금관리단,organization,capital_partner,fund_beneficiary,펀드 수익자,beneficiary_snapshot,2025-11-30,Y,
SH000373,부림저축은행,부림저축은행,organization,capital_partner,fund_beneficiary,펀드 수익자,beneficiary_snapshot,2025-11-30,Y,
SH000374,부산은행,부산은행,organization,capital_partner,fund_beneficiary,펀드 수익자,beneficiary_snapshot,2025-11-30,Y,
SH000375,블랙스톤,블랙스톤,organization,capital_partner,fund_beneficiary,펀드 수익자,beneficiary_snapshot,2025-11-30,Y,
SH000376,비공개,비공개,organization,capital_partner,fund_beneficiary,펀드 수익자,beneficiary_snapshot,2025-11-30,Y,
SH000377,비씨카드,비씨카드,organization,financing_partner,lender,금융기관(대주),lender_snapshot,2025-11-30,Y,
SH000378,비욘드남산제사차,비욘드남산제사차,organization,financing_partner,lender,금융기관(대주),lender_snapshot,2025-11-30,Y,
SH000379,비욘드남산제이차,비욘드남산제이차,organization,financing_partner,lender,금융기관(대주),lender_snapshot,2025-11-30,Y,
SH000380,사학연금,사학연금,organization,capital_partner,fund_beneficiary,펀드 수익자,beneficiary_snapshot,2025-11-30,Y,
SH000381,산림조합,산림조합,organization,capital_partner,institutional_lp,기관투자자(LP),t5t_dashboard,2026-04-17,Y,
SH000382,산림조합중앙회,산림조합중앙회,organization,capital_partner,fund_beneficiary,펀드 수익자,"beneficiary_snapshot,lender_snapshot",2025-11-30,Y,
SH000383,삼미건설,삼미건설,organization,capital_partner,fund_beneficiary,펀드 수익자,beneficiary_snapshot,2025-11-30,Y,
SH000384,삼성SRA1호,삼성SRA1호,organization,financing_partner,lender,금융기관(대주),lender_snapshot,2025-11-30,Y,
SH000385,삼성SRA국내담보대출일반사모부동산투자신탁4호,삼성SRA국내담보대출일반사모부동산투자신탁4호,organization,financing_partner,lender,금융기관(대주),lender_snapshot,2025-11-30,Y,
SH000386,삼성SRA국내담보대출일반사모부동산투자신탁제5호,삼성SRA국내담보대출일반사모부동산투자신탁제5호,organization,financing_partner,lender,금융기관(대주),lender_snapshot,2025-11-30,Y,
SH000387,삼성물산,삼성물산,organization,capital_partner,fund_beneficiary,펀드 수익자,"beneficiary_snapshot,counterparty_seed",2025-11-30,Y,
SH000388,삼성생명,삼성생명,organization,financing_partner,lender,금융기관(대주),lender_snapshot,2025-11-30,Y,
SH000389,삼성생명보험,삼성생명보험,organization,capital_partner,fund_beneficiary,펀드 수익자,beneficiary_snapshot,2025-11-30,Y,
SH000390,삼성자산운용OCIO,삼성자산운용OCIO,organization,capital_partner,fund_beneficiary,펀드 수익자,beneficiary_snapshot,2025-11-30,Y,
SH000391,삼성증권,삼성증권,organization,capital_partner,fund_beneficiary,펀드 수익자,"beneficiary_snapshot,lender_snapshot",2025-11-30,Y,
SH000392,삼성화재,삼성화재,organization,capital_partner,fund_beneficiary,펀드 수익자,"beneficiary_snapshot,lender_snapshot",2025-11-30,Y,
SH000393,삼양홀딩스,삼양홀딩스,organization,capital_partner,fund_beneficiary,펀드 수익자,beneficiary_snapshot,2025-11-30,Y,
SH000394,삼우,삼우,organization,project_partner,operator_contractor,운영/시공 파트너,counterparty_seed,,Y,
SH000395,삼우 CM,삼우 CM,organization,project_partner,operator_contractor,운영/시공 파트너,counterparty_seed,,Y,
SH000396,삼우디씨디,삼우디씨디,organization,capital_partner,fund_beneficiary,펀드 수익자,beneficiary_snapshot,2025-11-30,Y,
SH000397,삼우씨엠건축사사무소,삼우씨엠건축사사무소,organization,capital_partner,fund_beneficiary,펀드 수익자,beneficiary_snapshot,2025-11-30,Y,
SH000398,삼정저축은행,삼정저축은행,organization,capital_partner,fund_beneficiary,펀드 수익자,beneficiary_snapshot,2025-11-30,Y,
SH000399,삼한교역상사,삼한교역상사,organization,capital_partner,fund_beneficiary,펀드 수익자,beneficiary_snapshot,2025-11-30,Y,
SH000400,상상인저축은행,상상인저축은행,organization,financing_partner,lender,금융기관(대주),lender_snapshot,2025-11-30,Y,
SH000401,서귀포동부신용협동조합,서귀포동부신용협동조합,organization,financing_partner,lender,금융기관(대주),lender_snapshot,2025-11-30,Y,
SH000402,서리풀클라우드,서리풀클라우드,organization,financing_partner,lender,금융기관(대주),lender_snapshot,2025-11-30,Y,
SH000403,서민이엔씨,서민이엔씨,organization,capital_partner,fund_beneficiary,펀드 수익자,beneficiary_snapshot,2025-11-30,Y,
SH000404,서울보증보험,서울보증보험,organization,capital_partner,fund_beneficiary,펀드 수익자,beneficiary_snapshot,2025-11-30,Y,
SH000405,서울시,서울시,organization,public_authority,public_body,공공/행정기관,t5t_dashboard,2026-04-13,Y,
SH000406,서천신용협동조합,서천신용협동조합,organization,financing_partner,lender,금융기관(대주),lender_snapshot,2025-11-30,Y,
SH000407,선매수자,선매수자,role_placeholder,transaction_counterparty,buyer_seller,매수/매도인,t5t_dashboard,2026-03-30,Y,
SH000408,선우건축,선우건축,organization,project_partner,operator_contractor,운영/시공 파트너,counterparty_seed,,Y,
SH000409,성담,성담,organization,capital_partner,fund_beneficiary,펀드 수익자,beneficiary_snapshot,2025-11-30,Y,
SH000410,성담솔트베이,성담솔트베이,organization,capital_partner,fund_beneficiary,펀드 수익자,beneficiary_snapshot,2025-11-30,Y,
SH000411,성지제강,성지제강,organization,capital_partner,fund_beneficiary,펀드 수익자,beneficiary_snapshot,2025-11-30,Y,
SH000412,세람저축은행,세람저축은행,organization,capital_partner,fund_beneficiary,펀드 수익자,beneficiary_snapshot,2025-11-30,Y,
SH000413,세미파이브,세미파이브,organization,occupier_customer,tenant,임차인,t5t_dashboard,2026-04-17,Y,
SH000414,세빌스,세빌스,organization,advisor_intermediary,advisor,주간사/자문,t5t_dashboard,2026-04-13,Y,
SH000415,세종네트웍스,세종네트웍스,organization,project_partner,operator_contractor,운영/시공 파트너,counterparty_seed,,Y,
SH000416,세종텔레콤,세종텔레콤,organization,capital_partner,fund_beneficiary,펀드 수익자,beneficiary_snapshot,2025-11-30,Y,
SH000417,세콘도,세콘도,organization,capital_partner,fund_beneficiary,펀드 수익자,beneficiary_snapshot,2025-11-30,Y,
SH000418,센트럴저축은행,센트럴저축은행,organization,financing_partner,lender,금융기관(대주),lender_snapshot,2025-11-30,Y,
SH000419,수산업협동조합중앙회,수산업협동조합중앙회,organization,capital_partner,fund_beneficiary,펀드 수익자,beneficiary_snapshot,2025-11-30,Y,
SH000420,수지신용협동조합,수지신용협동조합,organization,financing_partner,lender,금융기관(대주),lender_snapshot,2025-11-30,Y,
SH000421,수협은행,수협은행,organization,financing_partner,lender,금융기관(대주),lender_snapshot,2025-11-30,Y,
SH000422,수협중앙회,수협중앙회,organization,capital_partner,fund_beneficiary,펀드 수익자,beneficiary_snapshot,2025-11-30,Y,
SH000423,스마일게이트,스마일게이트,organization,capital_partner,fund_beneficiary,펀드 수익자,beneficiary_snapshot,2025-11-30,Y,
SH000424,스카이밸류,스카이밸류,organization,capital_partner,fund_beneficiary,펀드 수익자,beneficiary_snapshot,2025-11-30,Y,
SH000425,스카이저축은행,스카이저축은행,organization,financing_partner,lender,금융기관(대주),lender_snapshot,2025-11-30,Y,
SH000426,스탠다드차타드은행,스탠다드차타드은행,organization,financing_partner,lender,금융기관(대주),lender_snapshot,2025-11-30,Y,
SH000427,시행사,시행사,organization,transaction_counterparty,buyer_seller,매수/매도인,t5t_dashboard,2026-04-13,Y,
SH000428,신세계,신세계,organization,capital_partner,fund_beneficiary,펀드 수익자,beneficiary_snapshot,2025-11-30,Y,
SH000429,신세계프라퍼티,신세계프라퍼티,organization,capital_partner,fund_beneficiary,펀드 수익자,beneficiary_snapshot,2025-11-30,Y,
SH000430,신용협동조합중앙회,신용협동조합중앙회,organization,capital_partner,fund_beneficiary,펀드 수익자,beneficiary_snapshot,2025-11-30,Y,
SH000431,신진솔루션즈,신진솔루션즈,organization,capital_partner,fund_beneficiary,펀드 수익자,beneficiary_snapshot,2025-11-30,Y,
SH000432,신한,신한,organization,financing_partner,lender,금융기관(대주),t5t_dashboard,2026-04-17,Y,
SH000433,신한금융투자,신한금융투자,organization,capital_partner,fund_beneficiary,펀드 수익자,beneficiary_snapshot,2025-11-30,Y,
SH000434,신한금융플러스,신한금융플러스,organization,capital_partner,fund_beneficiary,펀드 수익자,beneficiary_snapshot,2025-11-30,Y,
SH000435,신한라이프생명보험,신한라이프생명보험,organization,capital_partner,fund_beneficiary,펀드 수익자,"beneficiary_snapshot,lender_snapshot",2025-11-30,Y,
SH000436,신한은행,신한은행,organization,financing_partner,lender,금융기관(대주),"beneficiary_snapshot,lender_snapshot",2025-11-30,Y,
SH000437,신한은행(연기금통합일반사모증권투자신탁제141호의 신탁업자로서),신한은행(연기금통합일반사모증권투자신탁제141호의 신탁업자로서),organization,capital_partner,fund_beneficiary,펀드 수익자,beneficiary_snapshot,2025-11-30,Y,
SH000438,신한은행(캡스톤APAC2호의 신탁업자 지위),신한은행(캡스톤APAC2호의 신탁업자 지위),organization,capital_partner,fund_beneficiary,펀드 수익자,beneficiary_snapshot,2025-11-30,Y,
SH000439,신한카드,신한카드,organization,financing_partner,lender,금융기관(대주),lender_snapshot,2025-11-30,Y,
SH000440,신한캐피탈,신한캐피탈,organization,financing_partner,lender,금융기관(대주),"beneficiary_snapshot,lender_snapshot,t5t_dashboard",2026-04-17,Y,
SH000441,신한투자증권,신한투자증권,organization,capital_partner,fund_beneficiary,펀드 수익자,"beneficiary_snapshot,lender_snapshot",2025-11-30,Y,
SH000442,신협(강릉신용협동조합),신협(강릉신용협동조합),organization,financing_partner,lender,금융기관(대주),lender_snapshot,2025-11-30,Y,
SH000443,신협(강서신용협동조합),신협(강서신용협동조합),organization,financing_partner,lender,금융기관(대주),lender_snapshot,2025-11-30,Y,
SH000444,신협(검단신용협동조합),신협(검단신용협동조합),organization,financing_partner,lender,금융기관(대주),lender_snapshot,2025-11-30,Y,
SH000445,신협(경기광주신용협동조합),신협(경기광주신용협동조합),organization,financing_partner,lender,금융기관(대주),lender_snapshot,2025-11-30,Y,
SH000446,신협(경남가온신용협동조합),신협(경남가온신용협동조합),organization,financing_partner,lender,금융기관(대주),lender_snapshot,2025-11-30,Y,
SH000447,신협(경남제일신용협동조합),신협(경남제일신용협동조합),organization,financing_partner,lender,금융기관(대주),lender_snapshot,2025-11-30,Y,
SH000448,신협(경남중앙신용협동조합),신협(경남중앙신용협동조합),organization,financing_partner,lender,금융기관(대주),lender_snapshot,2025-11-30,Y,
SH000449,신협(경남한의사신용협동조합),신협(경남한의사신용협동조합),organization,financing_partner,lender,금융기관(대주),lender_snapshot,2025-11-30,Y,
SH000450,신협(경동신용협동조합),신협(경동신용협동조합),organization,financing_partner,lender,금융기관(대주),lender_snapshot,2025-11-30,Y,
SH000451,신협(계산신용협동조합),신협(계산신용협동조합),organization,financing_partner,lender,금융기관(대주),lender_snapshot,2025-11-30,Y,
SH000452,신협(공주중앙신용협동조합),신협(공주중앙신용협동조합),organization,financing_partner,lender,금융기관(대주),lender_snapshot,2025-11-30,Y,
SH000453,신협(광안신용협동조합),신협(광안신용협동조합),organization,financing_partner,lender,금융기관(대주),lender_snapshot,2025-11-30,Y,
SH000454,신협(광장신용협동조합),신협(광장신용협동조합),organization,financing_partner,lender,금융기관(대주),lender_snapshot,2025-11-30,Y,
SH000455,신협(광주동부신용협동조합),신협(광주동부신용협동조합),organization,financing_partner,lender,금융기관(대주),lender_snapshot,2025-11-30,Y,
SH000456,신협(광주신우신용협동조합),신협(광주신우신용협동조합),organization,financing_partner,lender,금융기관(대주),lender_snapshot,2025-11-30,Y,
SH000457,신협(구덕신용협동조합),신협(구덕신용협동조합),organization,financing_partner,lender,금융기관(대주),lender_snapshot,2025-11-30,Y,
SH000458,신협(구포신용협동조합),신협(구포신용협동조합),organization,financing_partner,lender,금융기관(대주),lender_snapshot,2025-11-30,Y,
SH000459,신협(금모래신용협동조합),신협(금모래신용협동조합),organization,financing_partner,lender,금융기관(대주),lender_snapshot,2025-11-30,Y,
SH000460,신협(금정신용협동조합),신협(금정신용협동조합),organization,financing_partner,lender,금융기관(대주),lender_snapshot,2025-11-30,Y,
SH000461,신협(김제신용협동조합),신협(김제신용협동조합),organization,financing_partner,lender,금융기관(대주),lender_snapshot,2025-11-30,Y,
SH000462,신협(남광주신용협동조합),신협(남광주신용협동조합),organization,financing_partner,lender,금융기관(대주),lender_snapshot,2025-11-30,Y,
SH000463,신협(남서울신용협동조합),신협(남서울신용협동조합),organization,financing_partner,lender,금융기관(대주),lender_snapshot,2025-11-30,Y,
SH000464,신협(남청주신용협동조합),신협(남청주신용협동조합),organization,financing_partner,lender,금융기관(대주),lender_snapshot,2025-11-30,Y,
SH000465,신협(달구벌신용협동조합),신협(달구벌신용협동조합),organization,financing_partner,lender,금융기관(대주),lender_snapshot,2025-11-30,Y,
SH000466,신협(대구태영신용협동조합),신협(대구태영신용협동조합),organization,financing_partner,lender,금융기관(대주),lender_snapshot,2025-11-30,Y,
SH000467,신협(대원신용협동조합),신협(대원신용협동조합),organization,financing_partner,lender,금융기관(대주),lender_snapshot,2025-11-30,Y,
SH000468,신협(동대구신용협동조합),신협(동대구신용협동조합),organization,financing_partner,lender,금융기관(대주),lender_snapshot,2025-11-30,Y,
SH000469,신협(동수원신용협동조합),신협(동수원신용협동조합),organization,financing_partner,lender,금융기관(대주),lender_snapshot,2025-11-30,Y,
SH000470,신협(든솔신용협동조합),신협(든솔신용협동조합),organization,financing_partner,lender,금융기관(대주),lender_snapshot,2025-11-30,Y,
SH000471,신협(등촌신용협동조합),신협(등촌신용협동조합),organization,financing_partner,lender,금융기관(대주),lender_snapshot,2025-11-30,Y,
SH000472,신협(마포신용협동조합),신협(마포신용협동조합),organization,financing_partner,lender,금융기관(대주),lender_snapshot,2025-11-30,Y,
SH000473,신협(무학신용협동조합),신협(무학신용협동조합),organization,financing_partner,lender,금융기관(대주),lender_snapshot,2025-11-30,Y,
SH000474,신협(미추홀신용협동조합),신협(미추홀신용협동조합),organization,financing_partner,lender,금융기관(대주),lender_snapshot,2025-11-30,Y,
SH000475,신협(방림신용협동조합),신협(방림신용협동조합),organization,financing_partner,lender,금융기관(대주),lender_snapshot,2025-11-30,Y,
SH000476,신협(방촌신용협동조합),신협(방촌신용협동조합),organization,financing_partner,lender,금융기관(대주),lender_snapshot,2025-11-30,Y,
SH000477,신협(부산거제신용협동조합),신협(부산거제신용협동조합),organization,financing_partner,lender,금융기관(대주),lender_snapshot,2025-11-30,Y,
SH000478,신협(부산동래신용협동조합),신협(부산동래신용협동조합),organization,financing_partner,lender,금융기관(대주),lender_snapshot,2025-11-30,Y,
SH000479,신협(부산성의신용협동조합),신협(부산성의신용협동조합),organization,financing_partner,lender,금융기관(대주),lender_snapshot,2025-11-30,Y,
SH000480,신협(부산시중앙신용협동조합),신협(부산시중앙신용협동조합),organization,financing_partner,lender,금융기관(대주),lender_snapshot,2025-11-30,Y,
SH000481,신협(부산장우신용협동조합),신협(부산장우신용협동조합),organization,financing_partner,lender,금융기관(대주),lender_snapshot,2025-11-30,Y,
SH000482,신협(부산진신용협동조합),신협(부산진신용협동조합),organization,financing_partner,lender,금융기관(대주),lender_snapshot,2025-11-30,Y,
SH000483,신협(부산행복신용협동조합),신협(부산행복신용협동조합),organization,financing_partner,lender,금융기관(대주),lender_snapshot,2025-11-30,Y,
SH000484,신협(북동신용협동조합),신협(북동신용협동조합),organization,financing_partner,lender,금융기관(대주),lender_snapshot,2025-11-30,Y,
SH000485,신협(북부산신용협동조합),신협(북부산신용협동조합),organization,financing_partner,lender,금융기관(대주),lender_snapshot,2025-11-30,Y,
SH000486,신협(북성신용협동조합),신협(북성신용협동조합),organization,financing_partner,lender,금융기관(대주),lender_snapshot,2025-11-30,Y,
SH000487,신협(북원신용협동조합),신협(북원신용협동조합),organization,financing_partner,lender,금융기관(대주),lender_snapshot,2025-11-30,Y,
SH000488,신협(새서울신용협동조합),신협(새서울신용협동조합),organization,financing_partner,lender,금융기관(대주),lender_snapshot,2025-11-30,Y,
SH000489,신협(서대구신용협동조합),신협(서대구신용협동조합),organization,financing_partner,lender,금융기관(대주),lender_snapshot,2025-11-30,Y,
SH000490,신협(서울치과의사신용협동조합),신협(서울치과의사신용협동조합),organization,financing_partner,lender,금융기관(대주),lender_snapshot,2025-11-30,Y,
SH000491,신협(성남중앙신용협동조합),신협(성남중앙신용협동조합),organization,financing_partner,lender,금융기관(대주),lender_snapshot,2025-11-30,Y,
SH000492,신협(송파동부신용협동조합),신협(송파동부신용협동조합),organization,financing_partner,lender,금융기관(대주),lender_snapshot,2025-11-30,Y,
SH000493,신협(수원중앙신용협동조합),신협(수원중앙신용협동조합),organization,financing_partner,lender,금융기관(대주),lender_snapshot,2025-11-30,Y,
SH000494,신협(신정신용협동조합),신협(신정신용협동조합),organization,financing_partner,lender,금융기관(대주),lender_snapshot,2025-11-30,Y,
SH000495,신협(아산신용협동조합),신협(아산신용협동조합),organization,financing_partner,lender,금융기관(대주),lender_snapshot,2025-11-30,Y,
SH000496,신협(양천신용협동조합),신협(양천신용협동조합),organization,financing_partner,lender,금융기관(대주),lender_snapshot,2025-11-30,Y,
SH000497,신협(연무신용협동조합),신협(연무신용협동조합),organization,financing_partner,lender,금융기관(대주),lender_snapshot,2025-11-30,Y,
SH000498,신협(영암신용협동조합),신협(영암신용협동조합),organization,financing_partner,lender,금융기관(대주),lender_snapshot,2025-11-30,Y,
SH000499,신협(오산신용협동조합),신협(오산신용협동조합),organization,financing_partner,lender,금융기관(대주),lender_snapshot,2025-11-30,Y,
SH000500,신협(울산남부신용협동조합),신협(울산남부신용협동조합),organization,financing_partner,lender,금융기관(대주),lender_snapshot,2025-11-30,Y,
SH000501,신협(울산중앙신용협동조합),신협(울산중앙신용협동조합),organization,financing_partner,lender,금융기관(대주),lender_snapshot,2025-11-30,Y,
SH000502,신협(울산행복신용협동조합),신협(울산행복신용협동조합),organization,financing_partner,lender,금융기관(대주),lender_snapshot,2025-11-30,Y,
SH000503,신협(원주신용협동조합),신협(원주신용협동조합),organization,financing_partner,lender,금융기관(대주),lender_snapshot,2025-11-30,Y,
SH000504,신협(위미신용협동조합),신협(위미신용협동조합),organization,financing_partner,lender,금융기관(대주),lender_snapshot,2025-11-30,Y,
SH000505,신협(은평신용협동조합),신협(은평신용협동조합),organization,financing_partner,lender,금융기관(대주),lender_snapshot,2025-11-30,Y,
SH000506,신협(의왕신용협동조합),신협(의왕신용협동조합),organization,financing_partner,lender,금융기관(대주),lender_snapshot,2025-11-30,Y,
SH000507,신협(이천신용협동조합),신협(이천신용협동조합),organization,financing_partner,lender,금융기관(대주),lender_snapshot,2025-11-30,Y,
SH000508,신협(인천치과의사신용협동조합),신협(인천치과의사신용협동조합),organization,financing_partner,lender,금융기관(대주),lender_snapshot,2025-11-30,Y,
SH000509,신협(일산신용협동조합),신협(일산신용협동조합),organization,financing_partner,lender,금융기관(대주),lender_snapshot,2025-11-30,Y,
SH000510,신협(장안신용협동조합),신협(장안신용협동조합),organization,financing_partner,lender,금융기관(대주),lender_snapshot,2025-11-30,Y,
SH000511,신협(제민신용협동조합),신협(제민신용협동조합),organization,financing_partner,lender,금융기관(대주),lender_snapshot,2025-11-30,Y,
SH000512,신협(제주신용협동조합),신협(제주신용협동조합),organization,financing_partner,lender,금융기관(대주),lender_snapshot,2025-11-30,Y,
SH000513,신협(주민신용협동조합),신협(주민신용협동조합),group,financing_partner,lender,금융기관(대주),lender_snapshot,2025-11-30,Y,
SH000514,신협(주성신용협동조합),신협(주성신용협동조합),organization,financing_partner,lender,금융기관(대주),lender_snapshot,2025-11-30,Y,
SH000515,신협(중앙신용협동조합),신협(중앙신용협동조합),organization,financing_partner,lender,금융기관(대주),lender_snapshot,2025-11-30,Y,
SH000516,신협(청량리신용협동조합),신협(청량리신용협동조합),organization,financing_partner,lender,금융기관(대주),lender_snapshot,2025-11-30,Y,
SH000517,신협(청운신용협동조합),신협(청운신용협동조합),organization,financing_partner,lender,금융기관(대주),lender_snapshot,2025-11-30,Y,
SH000518,신협(청주상당신용협동조합),신협(청주상당신용협동조합),organization,financing_partner,lender,금융기관(대주),lender_snapshot,2025-11-30,Y,
SH000519,신협(청주성동신용협동조합),신협(청주성동신용협동조합),organization,financing_partner,lender,금융기관(대주),lender_snapshot,2025-11-30,Y,
SH000520,신협(한라신용협동조합),신협(한라신용협동조합),organization,financing_partner,lender,금융기관(대주),lender_snapshot,2025-11-30,Y,
SH000521,신협(한우리신용협동조합),신협(한우리신용협동조합),organization,financing_partner,lender,금융기관(대주),lender_snapshot,2025-11-30,Y,
SH000522,신협(현대제철신용협동조합),신협(현대제철신용협동조합),organization,financing_partner,lender,금융기관(대주),lender_snapshot,2025-11-30,Y,
SH000523,신협(홍성신용협동조합),신협(홍성신용협동조합),organization,financing_partner,lender,금융기관(대주),lender_snapshot,2025-11-30,Y,
SH000524,신협(화곡신용협동조합),신협(화곡신용협동조합),organization,financing_partner,lender,금융기관(대주),lender_snapshot,2025-11-30,Y,
SH000525,신협(화성제일신용협동조합),신협(화성제일신용협동조합),organization,financing_partner,lender,금융기관(대주),lender_snapshot,2025-11-30,Y,
SH000526,신협(화지산신용협동조합),신협(화지산신용협동조합),organization,financing_partner,lender,금융기관(대주),lender_snapshot,2025-11-30,Y,
SH000527,신협(희원신용협동조합),신협(희원신용협동조합),organization,financing_partner,lender,금융기관(대주),lender_snapshot,2025-11-30,Y,
SH000528,신협대주단,신협대주단,organization,financing_partner,lender,금융기관(대주),lender_snapshot,2025-11-30,Y,
SH000529,신협중앙회(남부천신용협동중앙회),신협중앙회(남부천신용협동중앙회),organization,financing_partner,lender,금융기관(대주),lender_snapshot,2025-11-30,Y,
SH000530,신협중앙회(신용협동조합중앙회),신협중앙회(신용협동조합중앙회),organization,financing_partner,lender,금융기관(대주),lender_snapshot,2025-11-30,Y,
SH000531,썬트리,썬트리,organization,capital_partner,fund_beneficiary,펀드 수익자,beneficiary_snapshot,2025-11-30,Y,
SH000532,씨엘케이아이에스,씨엘케이아이에스,organization,financing_partner,lender,금융기관(대주),lender_snapshot,2025-11-30,Y,
SH000533,아디다스,아디다스,organization,occupier_customer,tenant,임차인,t5t_dashboard,2026-04-13,Y,
SH000534,아디안 싱가포르,아디안 싱가포르,organization,capital_partner,fund_beneficiary,펀드 수익자,beneficiary_snapshot,2025-11-30,Y,
SH000535,아라그룹,아라그룹,organization,project_partner,operator_contractor,운영/시공 파트너,counterparty_seed,,Y,
SH000536,아산나눔재단,아산나눔재단,organization,capital_partner,fund_beneficiary,펀드 수익자,beneficiary_snapshot,2025-11-30,Y,
SH000537,아스테이온제일차(SPC),아스테이온제일차(SPC),organization,capital_partner,fund_beneficiary,펀드 수익자,beneficiary_snapshot,2025-11-30,Y,
SH000538,아시아에프앤아이,아시아에프앤아이,organization,capital_partner,fund_beneficiary,펀드 수익자,beneficiary_snapshot,2025-11-30,Y,
SH000539,아우토스트라세,아우토스트라세,organization,capital_partner,fund_beneficiary,펀드 수익자,beneficiary_snapshot,2025-11-30,Y,
SH000540,아이알디브이,아이알디브이,organization,capital_partner,fund_beneficiary,펀드 수익자,beneficiary_snapshot,2025-11-30,Y,
SH000541,아이언투자파트너스,아이언투자파트너스,organization,capital_partner,fund_beneficiary,펀드 수익자,beneficiary_snapshot,2025-11-30,Y,
SH000542,아이엠단디에이치제일차,아이엠단디에이치제일차,organization,financing_partner,lender,금융기관(대주),lender_snapshot,2025-11-30,Y,
SH000543,아이엠라이프생명보험,아이엠라이프생명보험,organization,capital_partner,fund_beneficiary,펀드 수익자,beneficiary_snapshot,2025-11-30,Y,
SH000544,아이엠인베스트제이차,아이엠인베스트제이차,organization,financing_partner,lender,금융기관(대주),lender_snapshot,2025-11-30,Y,
SH000545,아주캐피탈,아주캐피탈,organization,capital_partner,fund_beneficiary,펀드 수익자,beneficiary_snapshot,2025-11-30,Y,
SH000546,아테나자산운용,아테나자산운용,organization,capital_partner,fund_beneficiary,펀드 수익자,beneficiary_snapshot,2025-11-30,Y,
SH000547,아토모스리얼에스테이트,아토모스리얼에스테이트,organization,capital_partner,fund_beneficiary,펀드 수익자,beneficiary_snapshot,2025-11-30,Y,
SH000548,안다인베스트먼트파트너스,안다인베스트먼트파트너스,organization,capital_partner,fund_beneficiary,펀드 수익자,beneficiary_snapshot,2025-11-30,Y,
SH000549,안다자산운용,안다자산운용,organization,capital_partner,fund_beneficiary,펀드 수익자,beneficiary_snapshot,2025-11-30,Y,
SH000550,애큐온저축은행,애큐온저축은행,organization,financing_partner,lender,금융기관(대주),lender_snapshot,2025-11-30,Y,
SH000551,애큐온캐피탈,애큐온캐피탈,organization,capital_partner,fund_beneficiary,펀드 수익자,"beneficiary_snapshot,lender_snapshot",2025-11-30,Y,
SH000552,양지로지스특시,양지로지스특시,organization,capital_partner,fund_beneficiary,펀드 수익자,beneficiary_snapshot,2025-11-30,Y,
SH000553,어반웰스,어반웰스,organization,capital_partner,fund_beneficiary,펀드 수익자,beneficiary_snapshot,2025-11-30,Y,
SH000554,에셀,에셀,organization,capital_partner,fund_beneficiary,펀드 수익자,beneficiary_snapshot,2025-11-30,Y,
SH000555,에셀유한회사,에셀유한회사,organization,capital_partner,fund_beneficiary,펀드 수익자,beneficiary_snapshot,2025-11-30,Y,
SH000556,에스가산,에스가산,organization,capital_partner,fund_beneficiary,펀드 수익자,beneficiary_snapshot,2025-11-30,Y,
SH000557,에스디디피제일차,에스디디피제일차,organization,capital_partner,fund_beneficiary,펀드 수익자,beneficiary_snapshot,2025-11-30,Y,
SH000558,에스디제오차,에스디제오차,organization,capital_partner,fund_beneficiary,펀드 수익자,beneficiary_snapshot,2025-11-30,Y,
SH000559,에스비센,에스비센,organization,capital_partner,fund_beneficiary,펀드 수익자,beneficiary_snapshot,2025-11-30,Y,
SH000560,에스엔유비아이제트1호,에스엔유비아이제트1호,organization,capital_partner,fund_beneficiary,펀드 수익자,beneficiary_snapshot,2025-11-30,Y,
SH000561,에스원,에스원,organization,capital_partner,fund_beneficiary,펀드 수익자,beneficiary_snapshot,2025-11-30,Y,
SH000562,에스유씨플러스,에스유씨플러스,organization,capital_partner,fund_beneficiary,펀드 수익자,beneficiary_snapshot,2025-11-30,Y,
SH000563,에스제이더블유인터네셔널,에스제이더블유인터네셔널,organization,capital_partner,fund_beneficiary,펀드 수익자,beneficiary_snapshot,2025-11-30,Y,
SH000564,에스케이디앤디,에스케이디앤디,organization,capital_partner,fund_beneficiary,펀드 수익자,beneficiary_snapshot,2025-11-30,Y,
SH000565,에이아이에스독일제일차주식회사(메리츠증권),에이아이에스독일제일차주식회사(메리츠증권),organization,capital_partner,fund_beneficiary,펀드 수익자,beneficiary_snapshot,2025-11-30,Y,
SH000566,에이치비저축은행,에이치비저축은행,organization,financing_partner,lender,금융기관(대주),lender_snapshot,2025-11-30,Y,
SH000567,에이치엔아이,에이치엔아이,organization,capital_partner,fund_beneficiary,펀드 수익자,beneficiary_snapshot,2025-11-30,Y,
SH000568,에이치플랜,에이치플랜,organization,capital_partner,fund_beneficiary,펀드 수익자,beneficiary_snapshot,2025-11-30,Y,
SH000569,에이티넘인베스트먼트,에이티넘인베스트먼트,organization,capital_partner,fund_beneficiary,펀드 수익자,beneficiary_snapshot,2025-11-30,Y,
SH000570,에프엔십정2유동화전문 유한회사,에프엔십정2유동화전문 유한회사,organization,financing_partner,lender,금융기관(대주),lender_snapshot,2025-11-30,Y,
SH000571,에프엔프로젝트제이차,에프엔프로젝트제이차,organization,financing_partner,lender,금융기관(대주),lender_snapshot,2025-11-30,Y,
SH000572,엔에이치투자증권,엔에이치투자증권,organization,capital_partner,fund_beneficiary,펀드 수익자,beneficiary_snapshot,2025-11-30,Y,
SH000573,엔에이치판교아이스퀘어제이차,엔에이치판교아이스퀘어제이차,organization,capital_partner,fund_beneficiary,펀드 수익자,beneficiary_snapshot,2025-11-30,Y,
SH000574,엔피씨,엔피씨,organization,capital_partner,fund_beneficiary,펀드 수익자,beneficiary_snapshot,2025-11-30,Y,
SH000575,엠디엠플러스,엠디엠플러스,organization,capital_partner,fund_beneficiary,펀드 수익자,beneficiary_snapshot,2025-11-30,Y,
SH000576,엠에스퓨처,엠에스퓨처,organization,financing_partner,lender,금융기관(대주),lender_snapshot,2025-11-30,Y,
SH000577,엠유에프지은행,엠유에프지은행,organization,financing_partner,lender,금융기관(대주),lender_snapshot,2025-11-30,Y,
SH000578,엠지알브이,엠지알브이,organization,capital_partner,fund_beneficiary,펀드 수익자,beneficiary_snapshot,2025-11-30,Y,
SH000579,연초생산안정화재단,연초생산안정화재단,organization,capital_partner,fund_beneficiary,펀드 수익자,beneficiary_snapshot,2025-11-30,Y,
SH000580,연합자산관리,연합자산관리,organization,capital_partner,fund_beneficiary,펀드 수익자,beneficiary_snapshot,2025-11-30,Y,
SH000581,엽연초생산협동조합중앙회,엽연초생산협동조합중앙회,organization,capital_partner,fund_beneficiary,펀드 수익자,beneficiary_snapshot,2025-11-30,Y,
SH000582,엽연초생산협동조합중앙회(청주),엽연초생산협동조합중앙회(청주),organization,capital_partner,fund_beneficiary,펀드 수익자,beneficiary_snapshot,2025-11-30,Y,
SH000583,예성건축,예성건축,organization,project_partner,operator_contractor,운영/시공 파트너,counterparty_seed,,Y,
SH000584,예스코홀딩,예스코홀딩,organization,capital_partner,fund_beneficiary,펀드 수익자,beneficiary_snapshot,2025-11-30,Y,
SH000585,오로라월드,오로라월드,organization,capital_partner,fund_beneficiary,펀드 수익자,beneficiary_snapshot,2025-11-30,Y,
SH000586,오케이저축은행,오케이저축은행,organization,financing_partner,lender,금융기관(대주),lender_snapshot,2025-11-30,Y,
SH000587,오투저축은행,오투저축은행,organization,capital_partner,fund_beneficiary,펀드 수익자,"beneficiary_snapshot,lender_snapshot",2025-11-30,Y,
SH000588,우리,우리,organization,capital_partner,fund_beneficiary,펀드 수익자,beneficiary_snapshot,2025-11-30,Y,
SH000589,우리금융저축은행,우리금융저축은행,organization,capital_partner,fund_beneficiary,펀드 수익자,beneficiary_snapshot,2025-11-30,Y,
SH000590,우리금융캐피탈,우리금융캐피탈,organization,financing_partner,lender,금융기관(대주),"beneficiary_snapshot,lender_snapshot",2025-11-30,Y,
SH000591,우리은행,우리은행,organization,financing_partner,lender,금융기관(대주),"beneficiary_snapshot,lender_snapshot",2025-11-30,Y,
SH000592,우리은행(캡스톤대출플랫폼일반사모투자신탁2호의 신탁업자),우리은행(캡스톤대출플랫폼일반사모투자신탁2호의 신탁업자),organization,financing_partner,lender,금융기관(대주),lender_snapshot,2025-11-30,Y,
SH000593,우리자산신탁,우리자산신탁,organization,capital_partner,fund_beneficiary,펀드 수익자,beneficiary_snapshot,2025-11-30,Y,
SH000594,우리종합금융,우리종합금융,organization,capital_partner,fund_beneficiary,펀드 수익자,beneficiary_snapshot,2025-11-30,Y,
SH000595,우리투자증권,우리투자증권,organization,capital_partner,fund_beneficiary,펀드 수익자,"beneficiary_snapshot,lender_snapshot",2025-11-30,Y,
SH000596,우미건설,우미건설,organization,capital_partner,fund_beneficiary,펀드 수익자,"beneficiary_snapshot,counterparty_seed",2025-11-30,Y,
SH000597,우미글로벌,우미글로벌,organization,capital_partner,fund_beneficiary,펀드 수익자,beneficiary_snapshot,2025-11-30,Y,
SH000598,우정사업본부,우정사업본부,organization,capital_partner,institutional_lp,기관투자자(LP),t5t_dashboard,2026-04-13,Y,
SH000599,우정사업본부(보험),우정사업본부(보험),organization,capital_partner,fund_beneficiary,펀드 수익자,beneficiary_snapshot,2025-11-30,Y,
SH000600,우정사업본부(예금),우정사업본부(예금),organization,capital_partner,fund_beneficiary,펀드 수익자,beneficiary_snapshot,2025-11-30,Y,
SH000601,운율건축,운율건축,organization,project_partner,operator_contractor,운영/시공 파트너,counterparty_seed,,Y,
SH000602,원양건축,원양건축,organization,project_partner,operator_contractor,운영/시공 파트너,counterparty_seed,,Y,
SH000603,웰컴저축은행,웰컴저축은행,organization,financing_partner,lender,금융기관(대주),lender_snapshot,2025-11-30,Y,
SH000604,위더그린,위더그린,organization,capital_partner,fund_beneficiary,펀드 수익자,beneficiary_snapshot,2025-11-30,Y,
SH000605,유선엔지니어링,유선엔지니어링,organization,project_partner,operator_contractor,운영/시공 파트너,counterparty_seed,,Y,
SH000606,유안타저축은행,유안타저축은행,organization,financing_partner,lender,금융기관(대주),lender_snapshot,2025-11-30,Y,
SH000607,유안타증권,유안타증권,organization,capital_partner,fund_beneficiary,펀드 수익자,beneficiary_snapshot,2025-11-30,Y,
SH000608,유일엔지니어링,유일엔지니어링,organization,project_partner,operator_contractor,운영/시공 파트너,counterparty_seed,,Y,
SH000609,유진투자증권,유진투자증권,organization,capital_partner,fund_beneficiary,펀드 수익자,beneficiary_snapshot,2025-11-30,Y,
SH000610,이규성,이규성,person,capital_partner,fund_beneficiary,펀드 수익자,beneficiary_snapshot,2025-11-30,Y,
SH000611,이노베스트,이노베스트,organization,capital_partner,fund_beneficiary,펀드 수익자,beneficiary_snapshot,2025-11-30,Y,
SH000612,이든자산운용,이든자산운용,organization,capital_partner,fund_beneficiary,펀드 수익자,beneficiary_snapshot,2025-11-30,Y,
SH000613,이베스트투자증권,이베스트투자증권,organization,capital_partner,fund_beneficiary,펀드 수익자,beneficiary_snapshot,2025-11-30,Y,
SH000614,이수화학,이수화학,organization,capital_partner,fund_beneficiary,펀드 수익자,beneficiary_snapshot,2025-11-30,Y,
SH000615,이스턴투자개발,이스턴투자개발,organization,capital_partner,fund_beneficiary,펀드 수익자,beneficiary_snapshot,2025-11-30,Y,
SH000616,이우식,이우식,organization,capital_partner,fund_beneficiary,펀드 수익자,beneficiary_snapshot,2025-11-30,Y,
SH000617,이지스 고유,이지스 고유,organization,capital_partner,fund_beneficiary,펀드 수익자,beneficiary_snapshot,2025-11-30,Y,
SH000618,이지스170-2호(자펀드2),이지스170-2호(자펀드2),organization,capital_partner,fund_beneficiary,펀드 수익자,beneficiary_snapshot,2025-11-30,Y,
SH000619,이지스263호,이지스263호,organization,capital_partner,fund_beneficiary,펀드 수익자,beneficiary_snapshot,2025-11-30,Y,
SH000620,이지스426의1호,이지스426의1호,organization,capital_partner,fund_beneficiary,펀드 수익자,beneficiary_snapshot,2025-11-30,Y,
SH000621,이지스KORIF사모부동산자투자신탁18A호,이지스KORIF사모부동산자투자신탁18A호,organization,capital_partner,fund_beneficiary,펀드 수익자,beneficiary_snapshot,2025-11-30,Y,
SH000622,이지스NPL4호,이지스NPL4호,organization,capital_partner,fund_beneficiary,펀드 수익자,beneficiary_snapshot,2025-11-30,Y,
SH000623,이지스NPL일반사모부동산투자신탁제3호,이지스NPL일반사모부동산투자신탁제3호,organization,capital_partner,fund_beneficiary,펀드 수익자,beneficiary_snapshot,2025-11-30,Y,
SH000624,이지스경산로지스일반사모부동사투자신탁제1-1호(운용),이지스경산로지스일반사모부동사투자신탁제1-1호(운용),organization,capital_partner,fund_beneficiary,펀드 수익자,beneficiary_snapshot,2025-11-30,Y,
SH000625,이지스경산스페셜시츄에이션일반사모부동산투자신탁제1호,이지스경산스페셜시츄에이션일반사모부동산투자신탁제1호,organization,capital_partner,fund_beneficiary,펀드 수익자,beneficiary_snapshot,2025-11-30,Y,
SH000626,이지스고유,이지스고유,organization,capital_partner,fund_beneficiary,펀드 수익자,beneficiary_snapshot,2025-11-30,Y,
SH000627,이지스국내PF재구조화1-3호(모),이지스국내PF재구조화1-3호(모),organization,capital_partner,fund_beneficiary,펀드 수익자,beneficiary_snapshot,2025-11-30,Y,
SH000628,이지스국내PF재구조화1호(자),이지스국내PF재구조화1호(자),organization,capital_partner,fund_beneficiary,펀드 수익자,beneficiary_snapshot,2025-11-30,Y,
SH000629,이지스기회추구2-1호(Blind),이지스기회추구2-1호(Blind),organization,capital_partner,fund_beneficiary,펀드 수익자,beneficiary_snapshot,2025-11-30,Y,
SH000630,이지스기회추구2-2-1호(Blind),이지스기회추구2-2-1호(Blind),organization,capital_partner,fund_beneficiary,펀드 수익자,beneficiary_snapshot,2025-11-30,Y,
SH000631,이지스기회추구2호(Blind),이지스기회추구2호(Blind),organization,capital_partner,fund_beneficiary,펀드 수익자,beneficiary_snapshot,2025-11-30,Y,
SH000632,이지스네오밸류블라인드일반사모부동산투자신탁제1호,이지스네오밸류블라인드일반사모부동산투자신탁제1호,organization,capital_partner,fund_beneficiary,펀드 수익자,beneficiary_snapshot,2025-11-30,Y,
SH000633,이지스랜드플랫폼일반사모부동산투자신탁제1-1호(Blind),이지스랜드플랫폼일반사모부동산투자신탁제1-1호(Blind),organization,capital_partner,fund_beneficiary,펀드 수익자,beneficiary_snapshot,2025-11-30,Y,
SH000634,이지스레지던스리츠,이지스레지던스리츠,organization,capital_partner,fund_beneficiary,펀드 수익자,beneficiary_snapshot,2025-11-30,Y,
SH000635,이지스리빙플랫폼일반사모부동산자투자신탁제1호(Blind),이지스리빙플랫폼일반사모부동산자투자신탁제1호(Blind),organization,capital_partner,fund_beneficiary,펀드 수익자,beneficiary_snapshot,2025-11-30,Y,
SH000636,이지스리얼에셋일반사모부동산투자신탁제1호,이지스리얼에셋일반사모부동산투자신탁제1호,organization,capital_partner,fund_beneficiary,펀드 수익자,beneficiary_snapshot,2025-11-30,Y,
SH000637,이지스린,이지스린,organization,capital_partner,fund_beneficiary,펀드 수익자,beneficiary_snapshot,2025-11-30,Y,
SH000638,이지스밸류리츠,이지스밸류리츠,organization,capital_partner,fund_beneficiary,펀드 수익자,beneficiary_snapshot,2025-11-30,Y,
SH000639,이지스밸류플러스리츠,이지스밸류플러스리츠,organization,capital_partner,fund_beneficiary,펀드 수익자,beneficiary_snapshot,2025-11-30,Y,
SH000640,이지스비즈성장공간플랫폼일반사모부동산투자신탁제1호(Blind),이지스비즈성장공간플랫폼일반사모부동산투자신탁제1호(Blind),organization,capital_partner,fund_beneficiary,펀드 수익자,beneficiary_snapshot,2025-11-30,Y,
SH000641,이지스사모부동산자투자신탁 43-1호,이지스사모부동산자투자신탁 43-1호,organization,capital_partner,fund_beneficiary,펀드 수익자,beneficiary_snapshot,2025-11-30,Y,
SH000642,이지스사모부동산자투자신탁 43-2호,이지스사모부동산자투자신탁 43-2호,organization,capital_partner,fund_beneficiary,펀드 수익자,beneficiary_snapshot,2025-11-30,Y,
SH000643,이지스스트래티직 전문투자형사모부동산 자투자신탁 제1-3-3호,이지스스트래티직 전문투자형사모부동산 자투자신탁 제1-3-3호,organization,capital_partner,fund_beneficiary,펀드 수익자,beneficiary_snapshot,2025-11-30,Y,
SH000644,이지스스트래티직일반사모부동산자투자신탁제1-2-3호,이지스스트래티직일반사모부동산자투자신탁제1-2-3호,organization,capital_partner,fund_beneficiary,펀드 수익자,beneficiary_snapshot,2025-11-30,Y,
SH000645,이지스스트래티직일반사모부동산자투자신탁제1호(Blind),이지스스트래티직일반사모부동산자투자신탁제1호(Blind),organization,capital_partner,fund_beneficiary,펀드 수익자,beneficiary_snapshot,2025-11-30,Y,
SH000646,이지스아레나스케이엘아이피1사모부동산자투자회사,이지스아레나스케이엘아이피1사모부동산자투자회사,organization,capital_partner,fund_beneficiary,펀드 수익자,beneficiary_snapshot,2025-11-30,Y,
SH000647,이지스이익참여형메자닌일반사모부동산모투자신탁제1-1호(Blind),이지스이익참여형메자닌일반사모부동산모투자신탁제1-1호(Blind),organization,capital_partner,fund_beneficiary,펀드 수익자,"beneficiary_snapshot,lender_snapshot",2025-11-30,Y,
SH000648,이지스이익참여형메자닌일반사모부동산모투자신탁제1-3호(Blind),이지스이익참여형메자닌일반사모부동산모투자신탁제1-3호(Blind),organization,capital_partner,fund_beneficiary,펀드 수익자,"beneficiary_snapshot,lender_snapshot",2025-11-30,Y,
SH000649,이지스이익참여형메자닌일반사모부동산모투자신탁제1-4호(Blind),이지스이익참여형메자닌일반사모부동산모투자신탁제1-4호(Blind),organization,capital_partner,fund_beneficiary,펀드 수익자,"beneficiary_snapshot,lender_snapshot",2025-11-30,Y,
SH000650,이지스인컴앤그로스일반사모부동산자투자신탁제2호(Blind),이지스인컴앤그로스일반사모부동산자투자신탁제2호(Blind),organization,capital_partner,fund_beneficiary,펀드 수익자,beneficiary_snapshot,2025-11-30,Y,
SH000651,이지스일반사모부동산자투자신탁제125-2호,이지스일반사모부동산자투자신탁제125-2호,organization,capital_partner,fund_beneficiary,펀드 수익자,beneficiary_snapshot,2025-11-30,Y,
SH000652,이지스일반사모부동산자투자신탁제130-4호,이지스일반사모부동산자투자신탁제130-4호,organization,capital_partner,fund_beneficiary,펀드 수익자,beneficiary_snapshot,2025-11-30,Y,
SH000653,이지스일반사모부동산자투자신탁제130-5호,이지스일반사모부동산자투자신탁제130-5호,organization,capital_partner,fund_beneficiary,펀드 수익자,beneficiary_snapshot,2025-11-30,Y,
SH000654,이지스일반사모부동산자투자신탁제482호,이지스일반사모부동산자투자신탁제482호,organization,capital_partner,fund_beneficiary,펀드 수익자,beneficiary_snapshot,2025-11-30,Y,
SH000655,이지스일반사모부동산자투자신탁제562의1호,이지스일반사모부동산자투자신탁제562의1호,organization,capital_partner,fund_beneficiary,펀드 수익자,beneficiary_snapshot,2025-11-30,Y,
SH000656,이지스일반사모부동산투자신탁156호,이지스일반사모부동산투자신탁156호,organization,financing_partner,lender,금융기관(대주),lender_snapshot,2025-11-30,Y,
SH000657,이지스일반사모부동산투자신탁460호,이지스일반사모부동산투자신탁460호,organization,capital_partner,fund_beneficiary,펀드 수익자,beneficiary_snapshot,2025-11-30,Y,
SH000658,이지스일반사모부동산투자신탁제454호,이지스일반사모부동산투자신탁제454호,organization,capital_partner,fund_beneficiary,펀드 수익자,beneficiary_snapshot,2025-11-30,Y,
SH000659,이지스일반사모부동산투자신탁제462호,이지스일반사모부동산투자신탁제462호,organization,capital_partner,fund_beneficiary,펀드 수익자,beneficiary_snapshot,2025-11-30,Y,
SH000660,이지스일반사모부동산투자신탁제468-1호,이지스일반사모부동산투자신탁제468-1호,organization,capital_partner,fund_beneficiary,펀드 수익자,beneficiary_snapshot,2025-11-30,Y,
SH000661,이지스일반사모부동산투자신탁제473호,이지스일반사모부동산투자신탁제473호,organization,capital_partner,fund_beneficiary,펀드 수익자,beneficiary_snapshot,2025-11-30,Y,
SH000662,이지스일반사모부동산투자신탁제508호,이지스일반사모부동산투자신탁제508호,organization,capital_partner,fund_beneficiary,펀드 수익자,beneficiary_snapshot,2025-11-30,Y,
SH000663,이지스일반사모부동산투자신탁제517의1호,이지스일반사모부동산투자신탁제517의1호,organization,capital_partner,fund_beneficiary,펀드 수익자,beneficiary_snapshot,2025-11-30,Y,
SH000664,이지스자산운용,이지스자산운용,organization,capital_partner,fund_beneficiary,펀드 수익자,beneficiary_snapshot,2025-11-30,Y,
SH000665,이지스자산운용(1종),이지스자산운용(1종),organization,capital_partner,fund_beneficiary,펀드 수익자,beneficiary_snapshot,2025-11-30,Y,
SH000666,이지스자산운용(2종),이지스자산운용(2종),organization,capital_partner,fund_beneficiary,펀드 수익자,beneficiary_snapshot,2025-11-30,Y,
SH000667,이지스자산운용(A종),이지스자산운용(A종),organization,capital_partner,fund_beneficiary,펀드 수익자,beneficiary_snapshot,2025-11-30,Y,
SH000668,이지스자산운용(B종),이지스자산운용(B종),organization,capital_partner,fund_beneficiary,펀드 수익자,beneficiary_snapshot,2025-11-30,Y,
SH000669,이지스장기안정형주거플랫폼일반사모부동산투자신탁제1호(Blind),이지스장기안정형주거플랫폼일반사모부동산투자신탁제1호(Blind),organization,capital_partner,fund_beneficiary,펀드 수익자,beneficiary_snapshot,2025-11-30,Y,
SH000670,이지스장기지분형일반사모부동산자투자신탁1-1호(자펀드)(Blind),이지스장기지분형일반사모부동산자투자신탁1-1호(자펀드)(Blind),organization,capital_partner,fund_beneficiary,펀드 수익자,beneficiary_snapshot,2025-11-30,Y,
SH000671,이지스장기지분형일반사모부동산자투자신탁1-2호(자펀드)(Blind),이지스장기지분형일반사모부동산자투자신탁1-2호(자펀드)(Blind),organization,capital_partner,fund_beneficiary,펀드 수익자,beneficiary_snapshot,2025-11-30,Y,
SH000672,이지스장기지분형일반사모부동산자투자신탁1-3호(자펀드)(Blind),이지스장기지분형일반사모부동산자투자신탁1-3호(자펀드)(Blind),organization,capital_partner,fund_beneficiary,펀드 수익자,beneficiary_snapshot,2025-11-30,Y,
SH000673,이지스전문사모120호,이지스전문사모120호,organization,capital_partner,fund_beneficiary,펀드 수익자,beneficiary_snapshot,2025-11-30,Y,
SH000674,이지스전문사모121호,이지스전문사모121호,organization,financing_partner,lender,금융기관(대주),lender_snapshot,2025-11-30,Y,
SH000675,이지스전문투자형사모부동산투자신탁312호,이지스전문투자형사모부동산투자신탁312호,organization,capital_partner,fund_beneficiary,펀드 수익자,beneficiary_snapshot,2025-11-30,Y,
SH000676,이지스전문투자형사모부동산투자신탁384호,이지스전문투자형사모부동산투자신탁384호,organization,capital_partner,fund_beneficiary,펀드 수익자,beneficiary_snapshot,2025-11-30,Y,
SH000677,이지스전문투자형사모부동산투자신탁제411호,이지스전문투자형사모부동산투자신탁제411호,organization,capital_partner,fund_beneficiary,펀드 수익자,beneficiary_snapshot,2025-11-30,Y,
SH000678,이지스제555호부동산일반사모투자회사,이지스제555호부동산일반사모투자회사,organization,capital_partner,fund_beneficiary,펀드 수익자,beneficiary_snapshot,2025-11-30,Y,
SH000679,이지스케이엘아이피1사모부동산자투자회사,이지스케이엘아이피1사모부동산자투자회사,organization,capital_partner,fund_beneficiary,펀드 수익자,beneficiary_snapshot,2025-11-30,Y,
SH000680,이지스해운대일반사모부동산투자신탁제1호,이지스해운대일반사모부동산투자신탁제1호,organization,capital_partner,fund_beneficiary,펀드 수익자,beneficiary_snapshot,2025-11-30,Y,
SH000681,이코노미쿠스,이코노미쿠스,organization,capital_partner,fund_beneficiary,펀드 수익자,beneficiary_snapshot,2025-11-30,Y,
SH000682,인성저축은행,인성저축은행,organization,capital_partner,fund_beneficiary,펀드 수익자,"beneficiary_snapshot,lender_snapshot",2025-11-30,Y,
SH000683,인천도시공사,인천도시공사,organization,capital_partner,fund_beneficiary,펀드 수익자,beneficiary_snapshot,2025-11-30,Y,
SH000684,인컴앤그로스 2-4-4호,인컴앤그로스 2-4-4호,organization,capital_partner,fund_beneficiary,펀드 수익자,beneficiary_snapshot,2025-11-30,Y,
SH000685,자이C&A,자이C&A,organization,project_partner,operator_contractor,운영/시공 파트너,counterparty_seed,,Y,
SH000686,잠재 SI,잠재 SI,role_placeholder,transaction_counterparty,buyer_seller,매수/매도인,t5t_dashboard,2026-04-13,Y,
SH000687,잠재 임차인,잠재 임차인,role_placeholder,transaction_counterparty,buyer_seller,매수/매도인,t5t_dashboard,2026-03-22,Y,
SH000688,장은혜,장은혜,person,capital_partner,fund_beneficiary,펀드 수익자,beneficiary_snapshot,2025-11-30,Y,
SH000689,장풍이노베이션,장풍이노베이션,organization,capital_partner,fund_beneficiary,펀드 수익자,beneficiary_snapshot,2025-11-30,Y,
SH000690,전문건설공제조합,전문건설공제조합,organization,capital_partner,fund_beneficiary,펀드 수익자,beneficiary_snapshot,2025-11-30,Y,
SH000691,전북은행,전북은행,organization,financing_partner,lender,금융기관(대주),lender_snapshot,2025-11-30,Y,
SH000692,정림,정림,organization,project_partner,operator_contractor,운영/시공 파트너,counterparty_seed,,Y,
SH000693,정석우(개인),정석우(개인),organization,capital_partner,fund_beneficiary,펀드 수익자,beneficiary_snapshot,2025-11-30,Y,
SH000694,제이알디개발,제이알디개발,organization,capital_partner,fund_beneficiary,펀드 수익자,beneficiary_snapshot,2025-11-30,Y,
SH000695,제이앤파트너인베스트먼트,제이앤파트너인베스트먼트,organization,capital_partner,fund_beneficiary,펀드 수익자,beneficiary_snapshot,2025-11-30,Y,
SH000696,제이에스티나,제이에스티나,organization,capital_partner,fund_beneficiary,펀드 수익자,beneficiary_snapshot,2025-11-30,Y,
SH000697,제이온클로버,제이온클로버,organization,financing_partner,lender,금융기관(대주),lender_snapshot,2025-11-30,Y,
SH000698,제이와이제이제팔차,제이와이제이제팔차,organization,financing_partner,lender,금융기관(대주),lender_snapshot,2025-11-30,Y,
SH000699,제이케이로지스,제이케이로지스,organization,capital_partner,fund_beneficiary,펀드 수익자,beneficiary_snapshot,2025-11-30,Y,
SH000700,제이티저축은행,제이티저축은행,organization,financing_partner,lender,금융기관(대주),lender_snapshot,2025-11-30,Y,
SH000701,제이피어반디,제이피어반디,organization,capital_partner,fund_beneficiary,펀드 수익자,beneficiary_snapshot,2025-11-30,Y,
SH000702,제주은행,제주은행,organization,financing_partner,lender,금융기관(대주),lender_snapshot,2025-11-30,Y,
SH000703,제주중앙신용협동조합,제주중앙신용협동조합,organization,financing_partner,lender,금융기관(대주),lender_snapshot,2025-11-30,Y,
SH000704,제쿠먼인베스트먼트(유),제쿠먼인베스트먼트(유),organization,capital_partner,fund_beneficiary,펀드 수익자,beneficiary_snapshot,2025-11-30,Y,
SH000705,젠스타메이트,젠스타메이트,organization,capital_partner,fund_beneficiary,펀드 수익자,beneficiary_snapshot,2025-11-30,Y,
SH000706,조은저축은행,조은저축은행,organization,financing_partner,lender,금융기관(대주),lender_snapshot,2025-11-30,Y,
SH000707,주민단,주민단,group,public_authority,public_body,공공/행정기관,t5t_dashboard,2026-03-21,Y,
SH000708,주주대여,주주대여,organization,financing_partner,lender,금융기관(대주),lender_snapshot,2025-11-30,Y,
SH000709,주택도시보증공사(주택도시기금),주택도시보증공사(주택도시기금),organization,capital_partner,fund_beneficiary,펀드 수익자,beneficiary_snapshot,2025-11-30,Y,
SH000710,중국건설은행,중국건설은행,organization,financing_partner,lender,금융기관(대주),lender_snapshot,2025-11-30,Y,
SH000711,중국농업은행,중국농업은행,organization,financing_partner,lender,금융기관(대주),lender_snapshot,2025-11-30,Y,
SH000712,중국은행,중국은행,organization,financing_partner,lender,금융기관(대주),lender_snapshot,2025-11-30,Y,
SH000713,중소기업중앙회,중소기업중앙회,organization,capital_partner,fund_beneficiary,펀드 수익자,beneficiary_snapshot,2025-11-30,Y,
SH000714,쥐피아이제십구차,쥐피아이제십구차,organization,capital_partner,fund_beneficiary,펀드 수익자,beneficiary_snapshot,2025-11-30,Y,
SH000715,지아이비시스템제일차,지아이비시스템제일차,organization,financing_partner,lender,금융기관(대주),lender_snapshot,2025-11-30,Y,
SH000716,지에프인베스트먼트,지에프인베스트먼트,organization,capital_partner,fund_beneficiary,펀드 수익자,beneficiary_snapshot,2025-11-30,Y,
SH000717,지엠뉴욕(자금보충기관: 메리츠증권),지엠뉴욕(자금보충기관: 메리츠증권),organization,capital_partner,fund_beneficiary,펀드 수익자,beneficiary_snapshot,2025-11-30,Y,
SH000718,지엠뉴욕제이차,지엠뉴욕제이차,organization,capital_partner,fund_beneficiary,펀드 수익자,beneficiary_snapshot,2025-11-30,Y,
SH000719,지엠더원,지엠더원,organization,capital_partner,fund_beneficiary,펀드 수익자,beneficiary_snapshot,2025-11-30,Y,
SH000720,지티에이,지티에이,organization,capital_partner,fund_beneficiary,펀드 수익자,beneficiary_snapshot,2025-11-30,Y,
SH000721,진주저축은행,진주저축은행,organization,financing_partner,lender,금융기관(대주),lender_snapshot,2025-11-30,Y,
SH000722,진흥기업,진흥기업,organization,capital_partner,fund_beneficiary,펀드 수익자,beneficiary_snapshot,2025-11-30,Y,
SH000723,차건축,차건축,organization,project_partner,operator_contractor,운영/시공 파트너,counterparty_seed,,Y,
SH000724,창조,창조,organization,project_partner,operator_contractor,운영/시공 파트너,counterparty_seed,,Y,
SH000725,천호스테이션하우징(PFV),천호스테이션하우징(PFV),organization,capital_partner,fund_beneficiary,펀드 수익자,beneficiary_snapshot,2025-11-30,Y,
SH000726,축협(강진완도축산농업협동조합),축협(강진완도축산농업협동조합),organization,financing_partner,lender,금융기관(대주),lender_snapshot,2025-11-30,Y,
SH000727,축협(상주축산업협동조합),축협(상주축산업협동조합),organization,financing_partner,lender,금융기관(대주),lender_snapshot,2025-11-30,Y,
SH000728,축협(순천광양축산업협동조합),축협(순천광양축산업협동조합),organization,financing_partner,lender,금융기관(대주),lender_snapshot,2025-11-30,Y,
SH000729,축협(장흥축산업협동조합),축협(장흥축산업협동조합),organization,financing_partner,lender,금융기관(대주),lender_snapshot,2025-11-30,Y,
SH000730,축협(함양산청축산업협동조합),축협(함양산청축산업협동조합),organization,financing_partner,lender,금융기관(대주),lender_snapshot,2025-11-30,Y,
SH000731,캠코,캠코,organization,public_authority,public_body,공공/행정기관,t5t_dashboard,2026-04-17,Y,
SH000732,캡스톤일반사모부동산투자신탁35호(전문),캡스톤일반사모부동산투자신탁35호(전문),organization,capital_partner,fund_beneficiary,펀드 수익자,beneficiary_snapshot,2025-11-30,Y,
SH000733,컨설팅,컨설팅,organization,advisor_intermediary,advisor,주간사/자문,t5t_dashboard,2026-04-13,Y,
SH000734,케이리츠투자운용,케이리츠투자운용,organization,capital_partner,fund_beneficiary,펀드 수익자,beneficiary_snapshot,2025-11-30,Y,
SH000735,케이비시그니쳐제일차유한회사,케이비시그니쳐제일차유한회사,organization,financing_partner,lender,금융기관(대주),lender_snapshot,2025-11-30,Y,
SH000736,케이앤비개발,케이앤비개발,organization,capital_partner,fund_beneficiary,펀드 수익자,beneficiary_snapshot,2025-11-30,Y,
SH000737,케이에이치엘제일차,케이에이치엘제일차,organization,financing_partner,lender,금융기관(대주),lender_snapshot,2025-11-30,Y,
SH000738,케이티에스테이트,케이티에스테이트,organization,capital_partner,fund_beneficiary,펀드 수익자,beneficiary_snapshot,2025-11-30,Y,
SH000739,켄달스퀘어자산운용,켄달스퀘어자산운용,organization,capital_partner,fund_beneficiary,펀드 수익자,beneficiary_snapshot,2025-11-30,Y,
SH000740,코리아신탁,코리아신탁,organization,capital_partner,fund_beneficiary,펀드 수익자,beneficiary_snapshot,2025-11-30,Y,
SH000741,코리안리재보험,코리안리재보험,organization,financing_partner,lender,금융기관(대주),lender_snapshot,2025-11-30,Y,
SH000742,코리안리재보험(주),코리안리재보험(주),organization,capital_partner,fund_beneficiary,펀드 수익자,beneficiary_snapshot,2025-11-30,Y,
SH000743,코어플랫폼1호(Blind),코어플랫폼1호(Blind),organization,capital_partner,fund_beneficiary,펀드 수익자,beneficiary_snapshot,2025-11-30,Y,
SH000744,쿠거인더주피에프브이(PFV),쿠거인더주피에프브이(PFV),organization,capital_partner,fund_beneficiary,펀드 수익자,beneficiary_snapshot,2025-11-30,Y,
SH000745,쿼드에스알피제일차,쿼드에스알피제일차,organization,financing_partner,lender,금융기관(대주),lender_snapshot,2025-11-30,Y,
SH000746,키움저축은행,키움저축은행,organization,financing_partner,lender,금융기관(대주),lender_snapshot,2025-11-30,Y,
SH000747,키움증권,키움증권,organization,capital_partner,fund_beneficiary,펀드 수익자,beneficiary_snapshot,2025-11-30,Y,
SH000748,키움캐피탈,키움캐피탈,organization,financing_partner,lender,금융기관(대주),lender_snapshot,2025-11-30,Y,
SH000749,키움투자자산운용,키움투자자산운용,organization,capital_partner,fund_beneficiary,펀드 수익자,beneficiary_snapshot,2025-11-30,Y,
SH000750,키웨스트자산운용,키웨스트자산운용,organization,capital_partner,fund_beneficiary,펀드 수익자,beneficiary_snapshot,2025-11-30,Y,
SH000751,태영건설,태영건설,organization,capital_partner,fund_beneficiary,펀드 수익자,"beneficiary_snapshot,counterparty_seed",2025-11-30,Y,
SH000752,태재홀딩스,태재홀딩스,organization,capital_partner,fund_beneficiary,펀드 수익자,beneficiary_snapshot,2025-11-30,Y,
SH000753,투자자1,투자자1,organization,capital_partner,fund_beneficiary,펀드 수익자,beneficiary_snapshot,2025-11-30,Y,
SH000754,판교엠버제일차,판교엠버제일차,organization,capital_partner,fund_beneficiary,펀드 수익자,beneficiary_snapshot,2025-11-30,Y,
SH000755,퍼시픽제33호전문사모부동산투자유한회사,퍼시픽제33호전문사모부동산투자유한회사,organization,financing_partner,lender,금융기관(대주),"beneficiary_snapshot,lender_snapshot",2025-11-30,Y,
SH000756,펜토건설,펜토건설,organization,capital_partner,fund_beneficiary,펀드 수익자,beneficiary_snapshot,2025-11-30,Y,
SH000757,포스코A&C,포스코A&C,organization,project_partner,operator_contractor,운영/시공 파트너,counterparty_seed,,Y,
SH000758,포스코이앤씨,포스코이앤씨,organization,project_partner,operator_contractor,운영/시공 파트너,counterparty_seed,,Y,
SH000759,푸른덴셜생명보험,푸른덴셜생명보험,organization,capital_partner,fund_beneficiary,펀드 수익자,beneficiary_snapshot,2025-11-30,Y,
SH000760,푸른인베스트먼트,푸른인베스트먼트,organization,capital_partner,fund_beneficiary,펀드 수익자,beneficiary_snapshot,2025-11-30,Y,
SH000761,푸른저축은행,푸른저축은행,organization,capital_partner,fund_beneficiary,펀드 수익자,beneficiary_snapshot,2025-11-30,Y,
SH000762,푸본현대생명보험,푸본현대생명보험,organization,capital_partner,fund_beneficiary,펀드 수익자,"beneficiary_snapshot,lender_snapshot",2025-11-30,Y,
SH000763,프라임비전제일차,프라임비전제일차,organization,financing_partner,lender,금융기관(대주),lender_snapshot,2025-11-30,Y,
SH000764,피벗플러스,피벗플러스,organization,capital_partner,fund_beneficiary,펀드 수익자,beneficiary_snapshot,2025-11-30,Y,
SH000765,피에스텍,피에스텍,organization,capital_partner,fund_beneficiary,펀드 수익자,beneficiary_snapshot,2025-11-30,Y,
SH000766,핀포인트,핀포인트,organization,capital_partner,fund_beneficiary,펀드 수익자,beneficiary_snapshot,2025-11-30,Y,
SH000767,하나,하나,organization,financing_partner,lender,금융기관(대주),t5t_dashboard,2026-04-17,Y,
SH000768,하나레지던스2호,하나레지던스2호,organization,capital_partner,fund_beneficiary,펀드 수익자,beneficiary_snapshot,2025-11-30,Y,
SH000769,하나생명보험,하나생명보험,organization,capital_partner,fund_beneficiary,펀드 수익자,beneficiary_snapshot,2025-11-30,Y,
SH000770,하나손해보험,하나손해보험,organization,capital_partner,fund_beneficiary,펀드 수익자,beneficiary_snapshot,2025-11-30,Y,
SH000771,하나에프앤아이(하나F&I),하나에프앤아이(하나F&I),organization,capital_partner,fund_beneficiary,펀드 수익자,beneficiary_snapshot,2025-11-30,Y,
SH000772,하나은행,하나은행,organization,financing_partner,lender,금융기관(대주),"beneficiary_snapshot,lender_snapshot",2025-11-30,Y,
SH000773,하나증권,하나증권,organization,capital_partner,fund_beneficiary,펀드 수익자,beneficiary_snapshot,2025-11-30,Y,
SH000774,하나캐피탈,하나캐피탈,organization,financing_partner,lender,금융기관(대주),"beneficiary_snapshot,lender_snapshot",2025-11-30,Y,
SH000775,하나커넥트,하나커넥트,organization,financing_partner,lender,금융기관(대주),lender_snapshot,2025-11-30,Y,
SH000776,하우징플랫폼(Blind),하우징플랫폼(Blind),organization,capital_partner,fund_beneficiary,펀드 수익자,beneficiary_snapshot,2025-11-30,Y,
SH000777,하인즈코리아투자자문,하인즈코리아투자자문,organization,capital_partner,fund_beneficiary,펀드 수익자,beneficiary_snapshot,2025-11-30,Y,
SH000778,한국교직원공제회,한국교직원공제회,organization,capital_partner,fund_beneficiary,펀드 수익자,beneficiary_snapshot,2025-11-30,Y,
SH000779,한국부동산에스앤디,한국부동산에스앤디,organization,capital_partner,fund_beneficiary,펀드 수익자,beneficiary_snapshot,2025-11-30,Y,
SH000780,한국산업단지공단,한국산업단지공단,organization,capital_partner,fund_beneficiary,펀드 수익자,beneficiary_snapshot,2025-11-30,Y,
SH000781,한국자산관리공사,한국자산관리공사,organization,capital_partner,fund_beneficiary,펀드 수익자,beneficiary_snapshot,2025-11-30,Y,
SH000782,한국자산신탁,한국자산신탁,organization,capital_partner,fund_beneficiary,펀드 수익자,beneficiary_snapshot,2025-11-30,Y,
SH000783,한국저축은행,한국저축은행,organization,financing_partner,lender,금융기관(대주),t5t_dashboard,2026-04-13,Y,
SH000784,한국증권금융,한국증권금융,organization,financing_partner,lender,금융기관(대주),"beneficiary_snapshot,lender_snapshot",2025-11-30,Y,
SH000785,한국증권금융(신한부동산론전문투자형사모부동산투자신탁제2호의 신탁업자로서),한국증권금융(신한부동산론전문투자형사모부동산투자신탁제2호의 신탁업자로서),organization,financing_partner,lender,금융기관(대주),lender_snapshot,2025-11-30,Y,
SH000786,한국지방재정공제회,한국지방재정공제회,organization,capital_partner,fund_beneficiary,펀드 수익자,beneficiary_snapshot,2025-11-30,Y,
SH000787,한국투자부동산신탁,한국투자부동산신탁,organization,capital_partner,fund_beneficiary,펀드 수익자,beneficiary_snapshot,2025-11-30,Y,
SH000788,한국투자저축은행,한국투자저축은행,organization,financing_partner,lender,금융기관(대주),lender_snapshot,2025-11-30,Y,
SH000789,한국투자증권,한국투자증권,organization,capital_partner,fund_beneficiary,펀드 수익자,"beneficiary_snapshot,lender_snapshot",2025-11-30,Y,
SH000790,한국투자캐피탈,한국투자캐피탈,organization,financing_partner,lender,금융기관(대주),lender_snapshot,2025-11-30,Y,
SH000791,한국파마,한국파마,organization,capital_partner,fund_beneficiary,펀드 수익자,beneficiary_snapshot,2025-11-30,Y,
SH000792,한국해양진흥공사,한국해양진흥공사,organization,capital_partner,fund_beneficiary,펀드 수익자,beneficiary_snapshot,2025-11-30,Y,
SH000793,한림 CM,한림 CM,organization,project_partner,operator_contractor,운영/시공 파트너,counterparty_seed,,Y,
SH000794,한림개발,한림개발,organization,capital_partner,fund_beneficiary,펀드 수익자,beneficiary_snapshot,2025-11-30,Y,
SH000795,한미글로벌,한미글로벌,organization,project_partner,operator_contractor,운영/시공 파트너,counterparty_seed,,Y,
SH000796,한미글로벌건축사사무소,한미글로벌건축사사무소,organization,capital_partner,fund_beneficiary,펀드 수익자,beneficiary_snapshot,2025-11-30,Y,
SH000797,한성저축은행,한성저축은행,organization,capital_partner,fund_beneficiary,펀드 수익자,beneficiary_snapshot,2025-11-30,Y,
SH000798,한세실업,한세실업,organization,capital_partner,fund_beneficiary,펀드 수익자,beneficiary_snapshot,2025-11-30,Y,
SH000799,한세예스24홀딩스,한세예스24홀딩스,organization,capital_partner,fund_beneficiary,펀드 수익자,beneficiary_snapshot,2025-11-30,Y,
SH000800,한신공영,한신공영,organization,project_partner,operator_contractor,운영/시공 파트너,counterparty_seed,,Y,
SH000801,한전,한전,organization,public_authority,public_body,공공/행정기관,t5t_dashboard,2026-03-03,Y,
SH000802,한중건설,한중건설,organization,capital_partner,fund_beneficiary,펀드 수익자,beneficiary_snapshot,2025-11-30,Y,
SH000803,한화,한화,organization,project_partner,operator_contractor,운영/시공 파트너,counterparty_seed,,Y,
SH000804,한화건설,한화건설,organization,capital_partner,fund_beneficiary,펀드 수익자,beneficiary_snapshot,2025-11-30,Y,
SH000805,한화생명,한화생명,organization,financing_partner,lender,금융기관(대주),lender_snapshot,2025-11-30,Y,
SH000806,한화생명보험,한화생명보험,organization,capital_partner,fund_beneficiary,펀드 수익자,beneficiary_snapshot,2025-11-30,Y,
SH000807,한화손해보험,한화손해보험,organization,capital_partner,fund_beneficiary,펀드 수익자,"beneficiary_snapshot,lender_snapshot",2025-11-30,Y,
SH000808,한화저축은행,한화저축은행,organization,capital_partner,fund_beneficiary,펀드 수익자,"beneficiary_snapshot,lender_snapshot",2025-11-30,Y,
SH000809,한화투자증권,한화투자증권,organization,capital_partner,fund_beneficiary,펀드 수익자,beneficiary_snapshot,2025-11-30,Y,
SH000810,한화투자증권(A),한화투자증권(A),organization,capital_partner,fund_beneficiary,펀드 수익자,beneficiary_snapshot,2025-11-30,Y,
SH000811,한화투자증권(C-i),한화투자증권(C-i),organization,capital_partner,fund_beneficiary,펀드 수익자,beneficiary_snapshot,2025-11-30,Y,
SH000812,한화호텔앤드리조트,한화호텔앤드리조트,organization,capital_partner,fund_beneficiary,펀드 수익자,beneficiary_snapshot,2025-11-30,Y,
SH000813,해비치호텔앤드리조트,해비치호텔앤드리조트,organization,capital_partner,fund_beneficiary,펀드 수익자,beneficiary_snapshot,2025-11-30,Y,
SH000814,해안,해안,organization,project_partner,operator_contractor,운영/시공 파트너,counterparty_seed,,Y,
SH000815,행정공제회,행정공제회,organization,capital_partner,institutional_lp,기관투자자(LP),t5t_dashboard,2026-03-09,Y,
SH000816,헤리티지자산운용,헤리티지자산운용,organization,capital_partner,fund_beneficiary,펀드 수익자,beneficiary_snapshot,2025-11-30,Y,
SH000817,현대건설,현대건설,organization,capital_partner,fund_beneficiary,펀드 수익자,"beneficiary_snapshot,counterparty_seed",2025-11-30,Y,
SH000818,현대산업개발,현대산업개발,organization,project_partner,operator_contractor,운영/시공 파트너,counterparty_seed,,Y,
SH000819,현대아산,현대아산,organization,project_partner,operator_contractor,운영/시공 파트너,counterparty_seed,,Y,
SH000820,현대엔지니어링,현대엔지니어링,organization,project_partner,operator_contractor,운영/시공 파트너,counterparty_seed,,Y,
SH000821,현대인베스트먼트자산운용㈜ 1호 펀드,현대인베스트먼트자산운용㈜ 1호 펀드,organization,capital_partner,fund_beneficiary,펀드 수익자,beneficiary_snapshot,2025-11-30,Y,
SH000822,현대차정몽구재단,현대차정몽구재단,organization,capital_partner,fund_beneficiary,펀드 수익자,beneficiary_snapshot,2025-11-30,Y,
SH000823,현대차증권,현대차증권,organization,capital_partner,fund_beneficiary,펀드 수익자,beneficiary_snapshot,2025-11-30,Y,
SH000824,현대카드,현대카드,organization,capital_partner,fund_beneficiary,펀드 수익자,beneficiary_snapshot,2025-11-30,Y,
SH000825,현대캐피탈,현대캐피탈,organization,financing_partner,lender,금융기관(대주),"beneficiary_snapshot,lender_snapshot,t5t_dashboard",2026-04-17,Y,
SH000826,현대커머셜,현대커머셜,organization,capital_partner,fund_beneficiary,펀드 수익자,"beneficiary_snapshot,lender_snapshot",2025-11-30,Y,
SH000827,현대해상화재보험,현대해상화재보험,organization,capital_partner,fund_beneficiary,펀드 수익자,"beneficiary_snapshot,lender_snapshot",2025-11-30,Y,
SH000828,호텔롯데,호텔롯데,organization,capital_partner,fund_beneficiary,펀드 수익자,beneficiary_snapshot,2025-11-30,Y,
SH000829,홈플러스,홈플러스,organization,occupier_customer,tenant,임차인,t5t_dashboard,2026-04-12,Y,
SH000830,홍콩상하이은행,홍콩상하이은행,organization,financing_partner,lender,금융기관(대주),lender_snapshot,2025-11-30,Y,
SH000831,효성중공업,효성중공업,organization,project_partner,operator_contractor,운영/시공 파트너,counterparty_seed,,Y,
SH000832,효성캐피탈,효성캐피탈,organization,capital_partner,fund_beneficiary,펀드 수익자,beneficiary_snapshot,2025-11-30,Y,
SH000833,휴온스글로벌,휴온스글로벌,organization,capital_partner,fund_beneficiary,펀드 수익자,beneficiary_snapshot,2025-11-30,Y,
SH000834,흥국생명보험,흥국생명보험,organization,financing_partner,lender,금융기관(대주),"beneficiary_snapshot,lender_snapshot",2025-11-30,Y,
SH000835,흥국저축은행,흥국저축은행,organization,financing_partner,lender,금융기관(대주),lender_snapshot,2025-11-30,Y,
SH000836,흥국화재해상보험,흥국화재해상보험,organization,capital_partner,fund_beneficiary,펀드 수익자,beneficiary_snapshot,2025-11-30,Y,
SH000837,희림,희림,organization,project_partner,operator_contractor,운영/시공 파트너,counterparty_seed,,Y,
