group_name,group_code,member_entities,source_systems,group_mapping_status,entity_count,role_count,latest_base_date,dominant_stakeholder_type
116-2(산재기금),116_2,116-2(산재기금),beneficiary_snapshot,self,1,1,2025-11-30,펀드 수익자
116-3(신협중앙회),116_3,116-3(신협중앙회),beneficiary_snapshot,self,1,1,2025-11-30,펀드 수익자
116-3(주택도시기금),116_3,116-3(주택도시기금),beneficiary_snapshot,self,1,1,2025-11-30,펀드 수익자
448-3호,448_3,448-3호,beneficiary_snapshot,self,1,1,2025-11-30,펀드 수익자
448-4,448_4,448-4,beneficiary_snapshot,self,1,1,2025-11-30,펀드 수익자
816공간제일차 주식회사,816,816공간제일차 주식회사,lender_snapshot,self,1,1,2025-11-30,금융기관(대주)
ABL생명보험(에이비엘생명보험),abl,ABL생명보험(에이비엘생명보험),beneficiary_snapshot,self,1,1,2025-11-30,펀드 수익자
ADCF Megatrends Singapore Pte Ltd,adcf_megatrends_singapore_pte_ltd,ADCF Megatrends Singapore Pte Ltd,beneficiary_snapshot,self,1,1,2025-11-30,펀드 수익자
ANU,anu,ANU,counterparty_seed,self,1,1,,운영/시공 파트너
AP SG 9 PTE.LTD.,ap_sg_9_pte_ltd,AP SG 9 PTE.LTD.,beneficiary_snapshot,self,1,1,2025-11-30,펀드 수익자
APO Corp,apo_corp,APO Corp,beneficiary_snapshot,self,1,1,2025-11-30,펀드 수익자
ASSKR1,asskr1,ASSKR1,lender_snapshot,self,1,1,2025-11-30,금융기관(대주)
Actis,actis,Actis,beneficiary_snapshot,self,1,1,2025-11-30,펀드 수익자
BCS NL B.V.,bcs_nl_b_v,BCS NL B.V.,beneficiary_snapshot,self,1,1,2025-11-30,펀드 수익자
BCS NL C.V.,bcs_nl_c_v,BCS NL C.V.,beneficiary_snapshot,self,1,1,2025-11-30,펀드 수익자
BNK경남은행,bnk,BNK경남은행,lender_snapshot,self,1,1,2025-11-30,금융기관(대주)
BNK저축은행,bnk,BNK저축은행,lender_snapshot,self,1,1,2025-11-30,금융기관(대주)
BNK캐피탈,bnk,BNK캐피탈,"beneficiary_snapshot,lender_snapshot",self,1,2,2025-11-30,금융기관(대주)
Boston Properties,boston_properties,Boston Properties,t5t_dashboard,self,1,1,2026-04-12,해외 파트너
Broadcom,broadcom,Broadcom,t5t_dashboard,self,1,1,2026-03-22,임차인
CBRE,cbre,CBRE,t5t_dashboard,self,1,1,2026-04-12,주간사/자문
CJ,cj,CJ,t5t_dashboard,self,1,1,2026-04-13,임차인
CJ대한통운,cj,CJ대한통운,"beneficiary_snapshot,counterparty_seed",self,1,2,2025-11-30,운영/시공 파트너
CJ올리브네트웍스,cj,CJ올리브네트웍스,counterparty_seed,self,1,1,,운영/시공 파트너
CJ제일제당,cj,CJ제일제당,beneficiary_snapshot,self,1,1,2025-11-30,펀드 수익자
CPPIB,cppib,CPPIB,t5t_dashboard,self,1,1,2026-04-10,기관투자자(LP)
Cadence,cadence,Cadence,t5t_dashboard,self,1,1,2026-03-22,임차인
Capikor Pte.Ltd.,capikor_pte_ltd,Capikor Pte.Ltd.,beneficiary_snapshot,self,1,1,2025-11-30,펀드 수익자
DA,da,DA,counterparty_seed,self,1,1,,운영/시공 파트너
DA VINCI HOLDCO PTE. LTD.,da_vinci_holdco_pte_ltd,DA VINCI HOLDCO PTE. LTD.,beneficiary_snapshot,self,1,1,2025-11-30,펀드 수익자
DB생명보험,db,DB생명보험,"beneficiary_snapshot,lender_snapshot",self,1,2,2025-11-30,금융기관(대주)
DB손해보험,db,DB손해보험,"beneficiary_snapshot,lender_snapshot,t5t_dashboard",self,1,3,2026-04-13,금융기관(대주)
DB손해보험(본계정),db,DB손해보험(본계정),lender_snapshot,self,1,1,2025-11-30,금융기관(대주)
DB저축은행,db,DB저축은행,lender_snapshot,self,1,1,2025-11-30,금융기관(대주)
DB캐피탈,db,DB캐피탈,"beneficiary_snapshot,lender_snapshot",self,1,2,2025-11-30,금융기관(대주)
DGB 제1호 펀드,dgb_1,DGB 제1호 펀드,beneficiary_snapshot,self,1,1,2025-11-30,펀드 수익자
DGB 제2호 펀드,dgb_2,DGB 제2호 펀드,beneficiary_snapshot,self,1,1,2025-11-30,펀드 수익자
DGB 제3호 펀드,dgb_3,DGB 제3호 펀드,beneficiary_snapshot,self,1,1,2025-11-30,펀드 수익자
DGB생명보험,dgb,DGB생명보험,beneficiary_snapshot,self,1,1,2025-11-30,펀드 수익자
DL ENC,dl_enc,DL ENC,beneficiary_snapshot,self,1,1,2025-11-30,펀드 수익자
DL건설,dl,DL건설,counterparty_seed,self,1,1,,운영/시공 파트너
DL이앤씨,dl,DL이앤씨,counterparty_seed,self,1,1,,운영/시공 파트너
DMP,dmp,DMP,counterparty_seed,self,1,1,,운영/시공 파트너
DNSC,dnsc,DNSC,beneficiary_snapshot,self,1,1,2025-11-30,펀드 수익자
DS네트웍스,ds,DS네트웍스,beneficiary_snapshot,self,1,1,2025-11-30,펀드 수익자
DS자산운용,ds,DS자산운용,beneficiary_snapshot,self,1,1,2025-11-30,펀드 수익자
Dash Living,dash_living,Dash Living,t5t_dashboard,self,1,1,2026-04-13,해외 파트너
Datapulse Pte.Ltd.,datapulse_pte_ltd,Datapulse Pte.Ltd.,beneficiary_snapshot,self,1,1,2025-11-30,펀드 수익자
G9 Asia X. Pte. Ltd.,g9_asia_x_pte_ltd,G9 Asia X. Pte. Ltd.,beneficiary_snapshot,self,1,1,2025-11-30,펀드 수익자
GFI,gfi,GFI,beneficiary_snapshot,self,1,1,2025-11-30,펀드 수익자
GIB홈플러스,gib,GIB홈플러스,lender_snapshot,self,1,1,2025-11-30,금융기관(대주)
GIC,gic,GIC,"beneficiary_snapshot,t5t_dashboard",self,1,2,2026-04-13,기관투자자(LP)
GS건설,gs,GS건설,"beneficiary_snapshot,counterparty_seed",self,1,2,2025-11-30,운영/시공 파트너
GS리테일,gs,GS리테일,beneficiary_snapshot,self,1,1,2025-11-30,펀드 수익자
Gangnam Asset PTE.LTD,gangnam_asset_pte_ltd,Gangnam Asset PTE.LTD,beneficiary_snapshot,self,1,1,2025-11-30,펀드 수익자
HB저축은행,hb,HB저축은행,beneficiary_snapshot,self,1,1,2025-11-30,펀드 수익자
HSBC자산운용,hsbc,HSBC자산운용,beneficiary_snapshot,self,1,1,2025-11-30,펀드 수익자
HS화성,hs,HS화성,counterparty_seed,self,1,1,,운영/시공 파트너
I.O.IV,i_o_iv,I.O.IV,beneficiary_snapshot,self,1,1,2025-11-30,펀드 수익자
IADC2호,iadc2,IADC2호,beneficiary_snapshot,self,1,1,2025-11-30,펀드 수익자
IBK기업은행,ibk,IBK기업은행,"beneficiary_snapshot,lender_snapshot",self,1,2,2025-11-30,금융기관(대주)
IBK연금보험,ibk,IBK연금보험,lender_snapshot,self,1,1,2025-11-30,금융기관(대주)
IBK저축은행,ibk,IBK저축은행,beneficiary_snapshot,self,1,1,2025-11-30,펀드 수익자
IBK캐피탈,ibk,IBK캐피탈,"beneficiary_snapshot,lender_snapshot",self,1,2,2025-11-30,금융기관(대주)
IBK투자증권,ibk,IBK투자증권,beneficiary_snapshot,self,1,1,2025-11-30,펀드 수익자
IGIS Asia Data Center 1 Pte. Ltd.,igis_asia_data_center_1_pte_ltd,IGIS Asia Data Center 1 Pte. Ltd.,beneficiary_snapshot,self,1,1,2025-11-30,펀드 수익자
IOIV,ioiv,IOIV,lender_snapshot,self,1,1,2025-11-30,금융기관(대주)
IRE-RE-SA SICAV-SIF,ire_re_sa_sicav_sif,IRE-RE-SA SICAV-SIF,beneficiary_snapshot,self,1,1,2025-11-30,펀드 수익자
Icheon REF Pte.Ltd,icheon_ref_pte_ltd,Icheon REF Pte.Ltd,beneficiary_snapshot,self,1,1,2025-11-30,펀드 수익자
Infineon,infineon,Infineon,t5t_dashboard,self,1,1,2026-03-22,임차인
Invesco,invesco,Invesco,beneficiary_snapshot,self,1,1,2025-11-30,펀드 수익자
Invesco Investments(Bermuda),invesco_investments_bermuda,Invesco Investments(Bermuda),beneficiary_snapshot,self,1,1,2025-11-30,펀드 수익자
JB우리캐피탈,jb,JB우리캐피탈,beneficiary_snapshot,self,1,1,2025-11-30,펀드 수익자
JLL,jll,JLL,t5t_dashboard,self,1,1,2026-04-13,주간사/자문
KB,kb,KB | KB국민은행 | KB국민은행(A) | KB생명 | KB생명보험 | KB손해보험 | KB증권 | KB캐피탈,"beneficiary_snapshot,lender_snapshot,t5t_dashboard",mapped,8,12,2026-04-17,금융기관(대주)
KB국민은행(공모),kb,KB국민은행(공모),beneficiary_snapshot,self,1,1,2025-11-30,펀드 수익자
KB국민은행(이지스일반사모부동산투자신탁421호의 신탁업자),kb_421,KB국민은행(이지스일반사모부동산투자신탁421호의 신탁업자),beneficiary_snapshot,self,1,1,2025-11-30,펀드 수익자
KB국민은행(한국투자올에셋부동산11호의 신탁업자 지위),kb_11,KB국민은행(한국투자올에셋부동산11호의 신탁업자 지위),beneficiary_snapshot,self,1,1,2025-11-30,펀드 수익자
KB라이프생명보험,kb,KB라이프생명보험,beneficiary_snapshot,self,1,1,2025-11-30,펀드 수익자
KB저축은행,kb,KB저축은행,beneficiary_snapshot,self,1,1,2025-11-30,펀드 수익자
KB증권(A),kb_a,KB증권(A),beneficiary_snapshot,self,1,1,2025-11-30,펀드 수익자
KCC건설,kcc,KCC건설,counterparty_seed,self,1,1,,운영/시공 파트너
KDB산업은행,kdb,KDB산업은행,lender_snapshot,self,1,1,2025-11-30,금융기관(대주)
KDB산은캐피탈,kdb,KDB산은캐피탈,lender_snapshot,self,1,1,2025-11-30,금융기관(대주)
KDB생명보험,kdb,KDB생명보험,beneficiary_snapshot,self,1,1,2025-11-30,펀드 수익자
KDCIP 2호(Blind),kdcip_2_blind,KDCIP 2호(Blind),beneficiary_snapshot,self,1,1,2025-11-30,펀드 수익자
KDCIP(A종)(Blind),kdcip_a_blind,KDCIP(A종)(Blind),beneficiary_snapshot,self,1,1,2025-11-30,펀드 수익자
KG파트너스,kg,KG파트너스,beneficiary_snapshot,self,1,1,2025-11-30,펀드 수익자
KINX,kinx,KINX,counterparty_seed,self,1,1,,운영/시공 파트너
KT,kt,KT,counterparty_seed,self,1,1,,운영/시공 파트너
KT&G,kt_g,KT&G,beneficiary_snapshot,self,1,1,2025-11-30,펀드 수익자
LG CNS,lg_cns,LG CNS,counterparty_seed,self,1,1,,운영/시공 파트너
LG U+,lg_u,LG U+,counterparty_seed,self,1,1,,운영/시공 파트너
LG전자,lg,LG전자,t5t_dashboard,self,1,1,2026-04-13,임차인
LS전선,ls,LS전선,counterparty_seed,self,1,1,,운영/시공 파트너
LX판토스,lx,LX판토스,t5t_dashboard,self,1,1,2026-04-06,임차인
M&G (APF 1 S.a.r.l),m_g_apf_1_s_a_r_l,M&G (APF 1 S.a.r.l),"beneficiary_snapshot,lender_snapshot",self,1,2,2025-11-30,금융기관(대주)
M&G (APF 2 S.a.r.l),m_g_apf_2_s_a_r_l,M&G (APF 2 S.a.r.l),beneficiary_snapshot,self,1,1,2025-11-30,펀드 수익자
M&G(TS ASIA),m_g_ts_asia,M&G(TS ASIA),beneficiary_snapshot,self,1,1,2025-11-30,펀드 수익자
MG새마을금고,mg,MG새마을금고,"beneficiary_snapshot,lender_snapshot",self,1,2,2025-11-30,금융기관(대주)
MG새마을금고(용인중앙),mg,MG새마을금고(용인중앙),lender_snapshot,self,1,1,2025-11-30,금융기관(대주)
MG새마을금고(이태원1동),mg_1,MG새마을금고(이태원1동),lender_snapshot,self,1,1,2025-11-30,금융기관(대주)
MG새마을금고대주단,mg,MG새마을금고대주단,lender_snapshot,self,1,1,2025-11-30,금융기관(대주)
MG새마을금고중앙회,mg,MG새마을금고중앙회,"beneficiary_snapshot,lender_snapshot",self,1,2,2025-11-30,금융기관(대주)
MG캐피탈,mg,MG캐피탈,lender_snapshot,self,1,1,2025-11-30,금융기관(대주)
Morgan stanley,morgan_stanley,Morgan stanley,beneficiary_snapshot,self,1,1,2025-11-30,펀드 수익자
NH농협생명보험,nh,NH농협생명보험,"beneficiary_snapshot,lender_snapshot",self,1,2,2025-11-30,금융기관(대주)
NH농협손해보험,nh,NH농협손해보험,"beneficiary_snapshot,lender_snapshot",self,1,2,2025-11-30,금융기관(대주)
NH농협은행,nh,NH농협은행,"beneficiary_snapshot,lender_snapshot",self,1,2,2025-11-30,금융기관(대주)
NH농협캐피탈,nh,NH농협캐피탈,"beneficiary_snapshot,lender_snapshot",self,1,2,2025-11-30,금융기관(대주)
NH저축은행,nh,NH저축은행,lender_snapshot,self,1,1,2025-11-30,금융기관(대주)
NH투자증권,nh,NH투자증권,"beneficiary_snapshot,lender_snapshot",self,1,2,2025-11-30,금융기관(대주)
NH헤지자산운용,nh,NH헤지자산운용,beneficiary_snapshot,self,1,1,2025-11-30,펀드 수익자
NPS,nps,NPS,t5t_dashboard,self,1,1,2026-04-12,기관투자자(LP)
NTI,nti,NTI,beneficiary_snapshot,self,1,1,2025-11-30,펀드 수익자
NUBIRA PTE. LTD.,nubira_pte_ltd,NUBIRA PTE. LTD.,beneficiary_snapshot,self,1,1,2025-11-30,펀드 수익자
North Sky Luge No 4 Limited,north_sky_luge_no_4_limited,North Sky Luge No 4 Limited,beneficiary_snapshot,self,1,1,2025-11-30,펀드 수익자
Nuveen,nuveen,Nuveen,t5t_dashboard,self,1,1,2026-04-12,해외 파트너
Nuveen Group Holdings Limited,nuveen_group_holdings_limited,Nuveen Group Holdings Limited,beneficiary_snapshot,self,1,1,2025-11-30,펀드 수익자
OCBC Bank,ocbc_bank,OCBC Bank,lender_snapshot,self,1,1,2025-11-30,금융기관(대주)
OSB저축은행,osb,OSB저축은행,lender_snapshot,self,1,1,2025-11-30,금융기관(대주)
Pinnacle Eagle Ltd.,pinnacle_eagle_ltd,Pinnacle Eagle Ltd.,beneficiary_snapshot,self,1,1,2025-11-30,펀드 수익자
Pinnacle KR Asset PTE.LTD,pinnacle_kr_asset_pte_ltd,Pinnacle KR Asset PTE.LTD,beneficiary_snapshot,self,1,1,2025-11-30,펀드 수익자
RECO JUNIPER PRIVATE LIMITED,reco_juniper_private_limited,RECO JUNIPER PRIVATE LIMITED,beneficiary_snapshot,self,1,1,2025-11-30,펀드 수익자
Reco Marigold Private Limited.,reco_marigold_private_limited,Reco Marigold Private Limited.,beneficiary_snapshot,self,1,1,2025-11-30,펀드 수익자
Rsquare,rsquare,Rsquare,t5t_dashboard,self,1,1,2026-03-03,주간사/자문
SBI저축은행,sbi,SBI저축은행,"beneficiary_snapshot,lender_snapshot",self,1,2,2025-11-30,금융기관(대주)
SC제일은행,sc,SC제일은행,lender_snapshot,self,1,1,2025-11-30,금융기관(대주)
SGC E&C,sgc_e_c,SGC E&C,counterparty_seed,self,1,1,,운영/시공 파트너
SKB,skb,SKB,counterparty_seed,self,1,1,,운영/시공 파트너
SK디앤디,sk,SK디앤디,beneficiary_snapshot,self,1,1,2025-11-30,펀드 수익자
SK에코플랜트,sk,SK에코플랜트,counterparty_seed,self,1,1,,운영/시공 파트너
SPC,spc,SPC,lender_snapshot,self,1,1,2025-11-30,금융기관(대주)
STAK,stak,STAK,counterparty_seed,self,1,1,,운영/시공 파트너
TDH2,tdh2,TDH2,lender_snapshot,self,1,1,2025-11-30,금융기관(대주)
TTN,ttn,TTN,beneficiary_snapshot,self,1,1,2025-11-30,펀드 수익자
Tow Heng Tan,tow_heng_tan,Tow Heng Tan,beneficiary_snapshot,self,1,1,2025-11-30,펀드 수익자
WSP,wsp,WSP,counterparty_seed,self,1,1,,운영/시공 파트너
Washington D.C.,washington_d_c,Washington D.C.,t5t_dashboard,self,1,1,2026-01-14,해외 파트너
Woodies,woodies,Woodies,t5t_dashboard,self,1,1,2026-03-26,해외 파트너
Woori 아메리카,woori,Woori 아메리카,lender_snapshot,self,1,1,2025-11-30,금융기관(대주)
YG자산개발 및 개인3인,yg_3,YG자산개발 및 개인3인,beneficiary_snapshot,self,1,1,2025-11-30,펀드 수익자
Yeongdong(Korea)Pte.Ltd,yeongdong_korea_pte_ltd,Yeongdong(Korea)Pte.Ltd,beneficiary_snapshot,self,1,1,2025-11-30,펀드 수익자
"iM뱅크(구, DGB대구은행)",im_dgb,"iM뱅크(구, DGB대구은행)",lender_snapshot,self,1,1,2025-11-30,금융기관(대주)
"iM캐피탈(구, DGB캐피탈)",im_dgb,"iM캐피탈(구, DGB캐피탈)",lender_snapshot,self,1,1,2025-11-30,금융기관(대주)
가비아,group,가비아,counterparty_seed,self,1,1,,운영/시공 파트너
간삼,group,간삼,counterparty_seed,self,1,1,,운영/시공 파트너
개인,group,개인,"beneficiary_snapshot,lender_snapshot",self,1,2,2025-11-30,금융기관(대주)
개인 투자자,group,개인 투자자,beneficiary_snapshot,self,1,1,2025-11-30,펀드 수익자
개인(강대우),group,개인(강대우),beneficiary_snapshot,self,1,1,2025-11-30,펀드 수익자
개인(강민구),group,개인(강민구),beneficiary_snapshot,self,1,1,2025-11-30,펀드 수익자
개인(강수현),group,개인(강수현),beneficiary_snapshot,self,1,1,2025-11-30,펀드 수익자
개인(강영구),group,개인(강영구),beneficiary_snapshot,self,1,1,2025-11-30,펀드 수익자
개인(김건호),group,개인(김건호),beneficiary_snapshot,self,1,1,2025-11-30,펀드 수익자
개인(김남호),group,개인(김남호),beneficiary_snapshot,self,1,1,2025-11-30,펀드 수익자
개인(김남희),group,개인(김남희),beneficiary_snapshot,self,1,1,2025-11-30,펀드 수익자
개인(김도현),group,개인(김도현),beneficiary_snapshot,self,1,1,2025-11-30,펀드 수익자
개인(김민지),group,개인(김민지),beneficiary_snapshot,self,1,1,2025-11-30,펀드 수익자
개인(김율희),group,개인(김율희),beneficiary_snapshot,self,1,1,2025-11-30,펀드 수익자
개인(김주성),group,개인(김주성),beneficiary_snapshot,self,1,1,2025-11-30,펀드 수익자
개인(김주형),group,개인(김주형),beneficiary_snapshot,self,1,1,2025-11-30,펀드 수익자
개인(김주희),group,개인(김주희),beneficiary_snapshot,self,1,1,2025-11-30,펀드 수익자
개인(김태호),group,개인(김태호),beneficiary_snapshot,self,1,1,2025-11-30,펀드 수익자
개인(김희원),group,개인(김희원),beneficiary_snapshot,self,1,1,2025-11-30,펀드 수익자
개인(박금자),group,개인(박금자),beneficiary_snapshot,self,1,1,2025-11-30,펀드 수익자
개인(박상태),group,개인(박상태),beneficiary_snapshot,self,1,1,2025-11-30,펀드 수익자
개인(백현미),group,개인(백현미),beneficiary_snapshot,self,1,1,2025-11-30,펀드 수익자
개인(이수연),group,개인(이수연),beneficiary_snapshot,self,1,1,2025-11-30,펀드 수익자
개인(이인영),group,개인(이인영),beneficiary_snapshot,self,1,1,2025-11-30,펀드 수익자
개인(조갑주),group,개인(조갑주),beneficiary_snapshot,self,1,1,2025-11-30,펀드 수익자
개인(주구슬),group,개인(주구슬),beneficiary_snapshot,self,1,1,2025-11-30,펀드 수익자
개인1(A종),1_a,개인1(A종),beneficiary_snapshot,self,1,1,2025-11-30,펀드 수익자
개인2(A종),2_a,개인2(A종),beneficiary_snapshot,self,1,1,2025-11-30,펀드 수익자
개인3(A종),3_a,개인3(A종),beneficiary_snapshot,self,1,1,2025-11-30,펀드 수익자
개인투자자,group,개인투자자,beneficiary_snapshot,self,1,1,2025-11-30,펀드 수익자
개인투자자 포함,group,개인투자자 포함,beneficiary_snapshot,self,1,1,2025-11-30,펀드 수익자
개인투자자 포함(공모펀드),group,개인투자자 포함(공모펀드),beneficiary_snapshot,self,1,1,2025-11-30,펀드 수익자
개인투자자들,group,개인투자자들,beneficiary_snapshot,self,1,1,2025-11-30,펀드 수익자
건강한시간,group,건강한시간,beneficiary_snapshot,self,1,1,2025-11-30,펀드 수익자
건원엔지니어링,group,건원엔지니어링,counterparty_seed,self,1,1,,운영/시공 파트너
검토대상,review,매도인 | 매수인 | 시행사 | 잠재 임차인,t5t_dashboard,placeholder | review_required,4,4,2026-04-13,매수/매도인
게우트플래닝,group,게우트플래닝,beneficiary_snapshot,self,1,1,2025-11-30,펀드 수익자
경남은행,group,경남은행,beneficiary_snapshot,self,1,1,2025-11-30,펀드 수익자
경방,group,경방,beneficiary_snapshot,self,1,1,2025-11-30,펀드 수익자
고용노동부 산재보험기금,group,고용노동부 산재보험기금,beneficiary_snapshot,self,1,1,2025-11-30,펀드 수익자
골든웨이브(유),group,골든웨이브(유),beneficiary_snapshot,self,1,1,2025-11-30,펀드 수익자
공모,group,공모,beneficiary_snapshot,self,1,1,2025-11-30,펀드 수익자
공무원연금공단,group,공무원연금공단,beneficiary_snapshot,self,1,1,2025-11-30,펀드 수익자
공제회,mutualaid,건설근로자공제회 | 경찰공제회 | 공제회 | 과학기술인공제회 | 교원공제회 | 교정공제회 | 교직원공제회 | 군인공제회 | 노란우산공제회 | 대한지방행정공제회 | 한국교직원공제회 | 행정공제회,"beneficiary_snapshot,lender_snapshot,t5t_dashboard",mapped,12,14,2026-04-13,펀드 수익자
광주은행,group,광주은행,lender_snapshot,self,1,1,2025-11-30,금융기관(대주)
교보리얼코,group,교보리얼코,beneficiary_snapshot,self,1,1,2025-11-30,펀드 수익자
교보생명,group,교보생명,lender_snapshot,self,1,1,2025-11-30,금융기관(대주)
교보생명보험,group,교보생명보험,beneficiary_snapshot,self,1,1,2025-11-30,펀드 수익자
교보생명보험(연금),group,교보생명보험(연금),beneficiary_snapshot,self,1,1,2025-11-30,펀드 수익자
교보자산신탁,group,교보자산신탁,beneficiary_snapshot,self,1,1,2025-11-30,펀드 수익자
교보증권,group,교보증권,beneficiary_snapshot,self,1,1,2025-11-30,펀드 수익자
교원라이프,group,교원라이프,beneficiary_snapshot,self,1,1,2025-11-30,펀드 수익자
교원인베스트,group,교원인베스트,beneficiary_snapshot,self,1,1,2025-11-30,펀드 수익자
구봉산업,group,구봉산업,beneficiary_snapshot,self,1,1,2025-11-30,펀드 수익자
국가철도공단,group,국가철도공단,beneficiary_snapshot,self,1,1,2025-11-30,펀드 수익자
국민연금,group,국민연금,t5t_dashboard,self,1,1,2026-04-13,기관투자자(LP)
국민연금공단,group,국민연금공단,beneficiary_snapshot,self,1,1,2025-11-30,펀드 수익자
국민연금공단(1종),1,국민연금공단(1종),beneficiary_snapshot,self,1,1,2025-11-30,펀드 수익자
국민연금공단(2종),2,국민연금공단(2종),beneficiary_snapshot,self,1,1,2025-11-30,펀드 수익자
굿포어스,group,굿포어스,beneficiary_snapshot,self,1,1,2025-11-30,펀드 수익자
그린웨이브알앤디,group,그린웨이브알앤디,beneficiary_snapshot,self,1,1,2025-11-30,펀드 수익자
근영농산,group,근영농산,beneficiary_snapshot,self,1,1,2025-11-30,펀드 수익자
금성백조건설,group,금성백조건설,counterparty_seed,self,1,1,,운영/시공 파트너
금성백조주택,group,금성백조주택,beneficiary_snapshot,self,1,1,2025-11-30,펀드 수익자
금화저축은행,group,금화저축은행,beneficiary_snapshot,self,1,1,2025-11-30,펀드 수익자
기관투자자,group,기관투자자,beneficiary_snapshot,self,1,1,2025-11-30,펀드 수익자
기안건축,group,기안건축,counterparty_seed,self,1,1,,운영/시공 파트너
남산드림힐튼제일차,group,남산드림힐튼제일차,lender_snapshot,self,1,1,2025-11-30,금융기관(대주)
남양저축은행,group,남양저축은행,beneficiary_snapshot,self,1,1,2025-11-30,펀드 수익자
네오밸류,group,네오밸류,beneficiary_snapshot,self,1,1,2025-11-30,펀드 수익자
넥슨코리아,group,넥슨코리아,beneficiary_snapshot,self,1,1,2025-11-30,펀드 수익자
농업협동조합중앙회,group,농업협동조합중앙회,beneficiary_snapshot,self,1,1,2025-11-30,펀드 수익자
농협(가야농업협동조합),group,농협(가야농업협동조합),lender_snapshot,self,1,1,2025-11-30,금융기관(대주)
농협(감곡농업협동조합),group,농협(감곡농업협동조합),lender_snapshot,self,1,1,2025-11-30,금융기관(대주)
농협(강내농업협동조합),group,농협(강내농업협동조합),lender_snapshot,self,1,1,2025-11-30,금융기관(대주)
농협(강동농업협동조합),group,농협(강동농업협동조합),lender_snapshot,self,1,1,2025-11-30,금융기관(대주)
농협(거제해금강농업협동조합),group,농협(거제해금강농업협동조합),lender_snapshot,self,1,1,2025-11-30,금융기관(대주)
농협(고흥농업협동조합),group,농협(고흥농업협동조합),lender_snapshot,self,1,1,2025-11-30,금융기관(대주)
농협(광명농업협동조합),group,농협(광명농업협동조합),lender_snapshot,self,1,1,2025-11-30,금융기관(대주)
농협(구림농업협동조합),group,농협(구림농업협동조합),lender_snapshot,self,1,1,2025-11-30,금융기관(대주)
농협(규암농업협동조합),group,농협(규암농업협동조합),lender_snapshot,self,1,1,2025-11-30,금융기관(대주)
농협(근흥농업협동조합),group,농협(근흥농업협동조합),lender_snapshot,self,1,1,2025-11-30,금융기관(대주)
농협(금산인삼농업협동조합),group,농협(금산인삼농업협동조합),lender_snapshot,self,1,1,2025-11-30,금융기관(대주)
농협(금왕농업협동조합),group,농협(금왕농업협동조합),lender_snapshot,self,1,1,2025-11-30,금융기관(대주)
농협(남밀양농업협동조합),group,농협(남밀양농업협동조합),lender_snapshot,self,1,1,2025-11-30,금융기관(대주)
농협(대구경북능금농업협동조합),group,농협(대구경북능금농업협동조합),lender_snapshot,self,1,1,2025-11-30,금융기관(대주)
농협(대천농업협동조합),group,농협(대천농업협동조합),lender_snapshot,self,1,1,2025-11-30,금융기관(대주)
농협(동경주농업협동조합),group,농협(동경주농업협동조합),lender_snapshot,self,1,1,2025-11-30,금융기관(대주)
농협(동군산농업협동조합),group,농협(동군산농업협동조합),lender_snapshot,self,1,1,2025-11-30,금융기관(대주)
농협(동북농업협동조합),group,농협(동북농업협동조합),lender_snapshot,self,1,1,2025-11-30,금융기관(대주)
농협(마도농업협동조합),group,농협(마도농업협동조합),lender_snapshot,self,1,1,2025-11-30,금융기관(대주)
농협(몽탄농업협동조합),group,농협(몽탄농업협동조합),lender_snapshot,self,1,1,2025-11-30,금융기관(대주)
농협(문막농업협동조합),group,농협(문막농업협동조합),lender_snapshot,self,1,1,2025-11-30,금융기관(대주)
농협(백석농업협동조합),group,농협(백석농업협동조합),lender_snapshot,self,1,1,2025-11-30,금융기관(대주)
농협(백운농업협동조합),group,농협(백운농업협동조합),lender_snapshot,self,1,1,2025-11-30,금융기관(대주)
농협(봉동농업협동조합),group,농협(봉동농업협동조합),lender_snapshot,self,1,1,2025-11-30,금융기관(대주)
농협(부안중앙농업협동조합),group,농협(부안중앙농업협동조합),lender_snapshot,self,1,1,2025-11-30,금융기관(대주)
농협(사등농업협동조합),group,농협(사등농업협동조합),lender_snapshot,self,1,1,2025-11-30,금융기관(대주)
농협(산청군농업협동조합),group,농협(산청군농업협동조합),lender_snapshot,self,1,1,2025-11-30,금융기관(대주)
농협(삼칠농업협동조합),group,농협(삼칠농업협동조합),lender_snapshot,self,1,1,2025-11-30,금융기관(대주)
농협(삼호농업협동조합),group,농협(삼호농업협동조합),lender_snapshot,self,1,1,2025-11-30,금융기관(대주)
농협(서석농업협동조합),group,농협(서석농업협동조합),lender_snapshot,self,1,1,2025-11-30,금융기관(대주)
농협(서신농업협동조합),group,농협(서신농업협동조합),lender_snapshot,self,1,1,2025-11-30,금융기관(대주)
농협(소양농업협동조합),group,농협(소양농업협동조합),lender_snapshot,self,1,1,2025-11-30,금융기관(대주)
농협(소초농업협동조합),group,농협(소초농업협동조합),lender_snapshot,self,1,1,2025-11-30,금융기관(대주)
농협(수륜농업협동조합),group,농협(수륜농업협동조합),lender_snapshot,self,1,1,2025-11-30,금융기관(대주)
농협(수원농업협동조합),group,농협(수원농업협동조합),lender_snapshot,self,1,1,2025-11-30,금융기관(대주)
농협(순창농업협동조합),group,농협(순창농업협동조합),lender_snapshot,self,1,1,2025-11-30,금융기관(대주)
농협(안계농업협동조합),group,농협(안계농업협동조합),lender_snapshot,self,1,1,2025-11-30,금융기관(대주)
농협(안흥농업협동조합),group,농협(안흥농업협동조합),lender_snapshot,self,1,1,2025-11-30,금융기관(대주)
농협(영덕농업협동조합),group,농협(영덕농업협동조합),lender_snapshot,self,1,1,2025-11-30,금융기관(대주)
농협(예산중앙농업협동조합),group,농협(예산중앙농업협동조합),lender_snapshot,self,1,1,2025-11-30,금융기관(대주)
농협(왕궁농업협동조합),group,농협(왕궁농업협동조합),lender_snapshot,self,1,1,2025-11-30,금융기관(대주)
농협(용성농업협동조합),group,농협(용성농업협동조합),lender_snapshot,self,1,1,2025-11-30,금융기관(대주)
농협(울릉농업협동조합),group,농협(울릉농업협동조합),lender_snapshot,self,1,1,2025-11-30,금융기관(대주)
농협(월출산농업협동조합),group,농협(월출산농업협동조합),lender_snapshot,self,1,1,2025-11-30,금융기관(대주)
농협(의령농업협동조합),group,농협(의령농업협동조합),lender_snapshot,self,1,1,2025-11-30,금융기관(대주)
농협(임실농업협동조합),group,농협(임실농업협동조합),lender_snapshot,self,1,1,2025-11-30,금융기관(대주)
농협(제주고산농업협동조합),group,농협(제주고산농업협동조합),lender_snapshot,self,1,1,2025-11-30,금융기관(대주)
농협(진도농업협동조합),group,농협(진도농업협동조합),lender_snapshot,self,1,1,2025-11-30,금융기관(대주)
농협(진주진양농업협동조합),group,농협(진주진양농업협동조합),lender_snapshot,self,1,1,2025-11-30,금융기관(대주)
농협(진해농업협동조합),group,농협(진해농업협동조합),lender_snapshot,self,1,1,2025-11-30,금융기관(대주)
농협(철원농업협동조합),group,농협(철원농업협동조합),lender_snapshot,self,1,1,2025-11-30,금융기관(대주)
농협(추풍령농업협동조합),group,농협(추풍령농업협동조합),lender_snapshot,self,1,1,2025-11-30,금융기관(대주)
농협(춘천강동농업협동조합),group,농협(춘천강동농업협동조합),lender_snapshot,self,1,1,2025-11-30,금융기관(대주)
농협(하서농업협동조합),group,농협(하서농업협동조합),lender_snapshot,self,1,1,2025-11-30,금융기관(대주)
농협(하양농업협동조합 동부지점),group,농협(하양농업협동조합 동부지점),lender_snapshot,self,1,1,2025-11-30,금융기관(대주)
농협(함덕농업협동조합),group,농협(함덕농업협동조합),lender_snapshot,self,1,1,2025-11-30,금융기관(대주)
농협(함창농업협동조합),group,농협(함창농업협동조합),lender_snapshot,self,1,1,2025-11-30,금융기관(대주)
농협(합천농업협동조합),group,농협(합천농업협동조합),lender_snapshot,self,1,1,2025-11-30,금융기관(대주)
농협(합천새남부농업협동조합),group,농협(합천새남부농업협동조합),lender_snapshot,self,1,1,2025-11-30,금융기관(대주)
농협(현서농업협동조합),group,농협(현서농업협동조합),lender_snapshot,self,1,1,2025-11-30,금융기관(대주)
농협(홍성낙농협동조합),group,농협(홍성낙농협동조합),lender_snapshot,self,1,1,2025-11-30,금융기관(대주)
농협(홍해농업협동조합),group,농협(홍해농업협동조합),lender_snapshot,self,1,1,2025-11-30,금융기관(대주)
농협(화개악양농업협동조합),group,농협(화개악양농업협동조합),lender_snapshot,self,1,1,2025-11-30,금융기관(대주)
농협대주단,group,농협대주단,lender_snapshot,self,1,1,2025-11-30,금융기관(대주)
농협중앙회(농업협동조합중앙회),group,농협중앙회(농업협동조합중앙회),lender_snapshot,self,1,1,2025-11-30,금융기관(대주)
뉴스타케이제일차,group,뉴스타케이제일차,lender_snapshot,self,1,1,2025-11-30,금융기관(대주)
뉴익스파트너스,group,뉴익스파트너스,beneficiary_snapshot,self,1,1,2025-11-30,펀드 수익자
다안건설,group,다안건설,beneficiary_snapshot,self,1,1,2025-11-30,펀드 수익자
다올저축은행,group,다올저축은행,"beneficiary_snapshot,lender_snapshot",self,1,2,2025-11-30,금융기관(대주)
다이와,group,다이와,t5t_dashboard,self,1,1,2026-04-13,금융기관(대주)
담배인삼공제회,group,담배인삼공제회,beneficiary_snapshot,self,1,1,2025-11-30,펀드 수익자
대교이앤씨,group,대교이앤씨,beneficiary_snapshot,self,1,1,2025-11-30,펀드 수익자
대교홀딩스,group,대교홀딩스,beneficiary_snapshot,self,1,1,2025-11-30,펀드 수익자
대구대건신용협동조합,group,대구대건신용협동조합,lender_snapshot,self,1,1,2025-11-30,금융기관(대주)
대림,group,대림,beneficiary_snapshot,self,1,1,2025-11-30,펀드 수익자
대승글로벌,group,대승글로벌,beneficiary_snapshot,self,1,1,2025-11-30,펀드 수익자
대신자산신탁,group,대신자산신탁,beneficiary_snapshot,self,1,1,2025-11-30,펀드 수익자
대신저축은행,group,대신저축은행,lender_snapshot,self,1,1,2025-11-30,금융기관(대주)
대우건설,group,대우건설,"beneficiary_snapshot,counterparty_seed",self,1,2,2025-11-30,운영/시공 파트너
대한소방공제회,group,대한소방공제회,beneficiary_snapshot,self,1,1,2025-11-30,펀드 수익자
대한토지신탁,group,대한토지신탁,beneficiary_snapshot,self,1,1,2025-11-30,펀드 수익자
더시스템랩,group,더시스템랩,counterparty_seed,self,1,1,,운영/시공 파트너
더케이저축은행,group,더케이저축은행,"beneficiary_snapshot,lender_snapshot",self,1,2,2025-11-30,금융기관(대주)
데피니트파트너스,group,데피니트파트너스,beneficiary_snapshot,self,1,1,2025-11-30,펀드 수익자
동부건설,group,동부건설,counterparty_seed,self,1,1,,운영/시공 파트너
동부산테마파크,group,동부산테마파크,beneficiary_snapshot,self,1,1,2025-11-30,펀드 수익자
동양생명,group,동양생명,lender_snapshot,self,1,1,2025-11-30,금융기관(대주)
동원건설산업,group,동원건설산업,counterparty_seed,self,1,1,,운영/시공 파트너
동원제일저축은행,group,동원제일저축은행,lender_snapshot,self,1,1,2025-11-30,금융기관(대주)
동일건축,group,동일건축,counterparty_seed,self,1,1,,운영/시공 파트너
동일스위트,group,동일스위트,"beneficiary_snapshot,lender_snapshot",self,1,2,2025-11-30,금융기관(대주)
두가 CNC,cnc,두가 CNC,counterparty_seed,self,1,1,,운영/시공 파트너
디비에스은행,group,디비에스은행,lender_snapshot,self,1,1,2025-11-30,금융기관(대주)
디앤디플랫폼리츠,group,디앤디플랫폼리츠,beneficiary_snapshot,self,1,1,2025-11-30,펀드 수익자
디앤에스씨,group,디앤에스씨,beneficiary_snapshot,self,1,1,2025-11-30,펀드 수익자
디앤오,group,디앤오,beneficiary_snapshot,self,1,1,2025-11-30,펀드 수익자
디에스네트웍스,group,디에스네트웍스,beneficiary_snapshot,self,1,1,2025-11-30,펀드 수익자
디에스센트럴프라임,group,디에스센트럴프라임,lender_snapshot,self,1,1,2025-11-30,금융기관(대주)
디에스클러스터,group,디에스클러스터,beneficiary_snapshot,self,1,1,2025-11-30,펀드 수익자
디와이시스템,group,디와이시스템,beneficiary_snapshot,self,1,1,2025-11-30,펀드 수익자
디피아이피코리아 유한회사,group,디피아이피코리아 유한회사,beneficiary_snapshot,self,1,1,2025-11-30,펀드 수익자
라인플러스,group,라인플러스,t5t_dashboard,self,1,1,2026-04-12,임차인
라크라,group,라크라,beneficiary_snapshot,self,1,1,2025-11-30,펀드 수익자
롯데 이노베이트,group,롯데 이노베이트,counterparty_seed,self,1,1,,운영/시공 파트너
롯데건설,group,롯데건설,counterparty_seed,self,1,1,,운영/시공 파트너
롯데손해보험,group,롯데손해보험,"beneficiary_snapshot,lender_snapshot",self,1,2,2025-11-30,금융기관(대주)
롯데쇼핑,group,롯데쇼핑,"beneficiary_snapshot,t5t_dashboard",self,1,2,2026-03-30,임차인
롯데캐피탈,group,롯데캐피탈,lender_snapshot,self,1,1,2025-11-30,금융기관(대주)
리테일투자자,group,리테일투자자,beneficiary_snapshot,self,1,1,2025-11-30,펀드 수익자
마르스자산운용,group,마르스자산운용,beneficiary_snapshot,self,1,1,2025-11-30,펀드 수익자
마스터자산운용,group,마스터자산운용,beneficiary_snapshot,self,1,1,2025-11-30,펀드 수익자
마스턴투자운용,group,마스턴투자운용,beneficiary_snapshot,self,1,1,2025-11-30,펀드 수익자
마크자산운용(주),group,마크자산운용(주),beneficiary_snapshot,self,1,1,2025-11-30,펀드 수익자
맥서브,group,맥서브,beneficiary_snapshot,self,1,1,2025-11-30,펀드 수익자
머큐리자산운용,group,머큐리자산운용,lender_snapshot,self,1,1,2025-11-30,금융기관(대주)
메리츠,meritz,메리츠 | 메리츠증권 | 메리츠캐피탈 | 메리츠화재 | 메리츠화재해상보험,"beneficiary_snapshot,lender_snapshot,t5t_dashboard",mapped,5,7,2026-04-13,금융기관(대주)
메트라이프생명보험,group,메트라이프생명보험,"beneficiary_snapshot,lender_snapshot",self,1,2,2025-11-30,금융기관(대주)
모니모남산제일차,group,모니모남산제일차,lender_snapshot,self,1,1,2025-11-30,금융기관(대주)
모멘스솔루션,group,모멘스솔루션,beneficiary_snapshot,self,1,1,2025-11-30,펀드 수익자
모아저축은행,group,모아저축은행,lender_snapshot,self,1,1,2025-11-30,금융기관(대주)
무궁화신탁,group,무궁화신탁,beneficiary_snapshot,self,1,1,2025-11-30,펀드 수익자
무림캐피탈,group,무림캐피탈,lender_snapshot,self,1,1,2025-11-30,금융기관(대주)
무영,group,무영,counterparty_seed,self,1,1,,운영/시공 파트너
문창신용협동조합,group,문창신용협동조합,lender_snapshot,self,1,1,2025-11-30,금융기관(대주)
미래에셋,miraeasset,미래에셋 | 미래에셋생명 | 미래에셋자산운용OCIO | 미래에셋증권 | 미래에셋캐피탈,"beneficiary_snapshot,lender_snapshot,t5t_dashboard",mapped,5,6,2026-04-13,금융기관(대주)
미래에셋 주택기금,group,미래에셋 주택기금,beneficiary_snapshot,self,1,1,2025-11-30,펀드 수익자
미정,group,미정,"beneficiary_snapshot,lender_snapshot",self,1,2,2025-11-30,금융기관(대주)
밸류업베스트,group,밸류업베스트,beneficiary_snapshot,self,1,1,2025-11-30,펀드 수익자
법무법인,group,법무법인,t5t_dashboard,self,1,1,2026-04-14,주간사/자문
별정우체국연금관리단,group,별정우체국연금관리단,beneficiary_snapshot,self,1,1,2025-11-30,펀드 수익자
부림저축은행,group,부림저축은행,beneficiary_snapshot,self,1,1,2025-11-30,펀드 수익자
부산은행,group,부산은행,beneficiary_snapshot,self,1,1,2025-11-30,펀드 수익자
블랙스톤,group,블랙스톤,beneficiary_snapshot,self,1,1,2025-11-30,펀드 수익자
비공개,group,비공개,beneficiary_snapshot,self,1,1,2025-11-30,펀드 수익자
비씨카드,group,비씨카드,lender_snapshot,self,1,1,2025-11-30,금융기관(대주)
비욘드남산제사차,group,비욘드남산제사차,lender_snapshot,self,1,1,2025-11-30,금융기관(대주)
비욘드남산제이차,group,비욘드남산제이차,lender_snapshot,self,1,1,2025-11-30,금융기관(대주)
사학연금,group,사학연금,beneficiary_snapshot,self,1,1,2025-11-30,펀드 수익자
산림조합,group,산림조합,t5t_dashboard,self,1,1,2026-04-17,기관투자자(LP)
산림조합중앙회,group,산림조합중앙회,"beneficiary_snapshot,lender_snapshot",self,1,2,2025-11-30,금융기관(대주)
삼미건설,group,삼미건설,beneficiary_snapshot,self,1,1,2025-11-30,펀드 수익자
삼성SRA1호,sra1,삼성SRA1호,lender_snapshot,self,1,1,2025-11-30,금융기관(대주)
삼성SRA국내담보대출일반사모부동산투자신탁4호,sra_4,삼성SRA국내담보대출일반사모부동산투자신탁4호,lender_snapshot,self,1,1,2025-11-30,금융기관(대주)
삼성SRA국내담보대출일반사모부동산투자신탁제5호,sra_5,삼성SRA국내담보대출일반사모부동산투자신탁제5호,lender_snapshot,self,1,1,2025-11-30,금융기관(대주)
삼성물산,group,삼성물산,"beneficiary_snapshot,counterparty_seed",self,1,2,2025-11-30,운영/시공 파트너
삼성생명,group,삼성생명,lender_snapshot,self,1,1,2025-11-30,금융기관(대주)
삼성생명보험,group,삼성생명보험,beneficiary_snapshot,self,1,1,2025-11-30,펀드 수익자
삼성자산운용OCIO,ocio,삼성자산운용OCIO,beneficiary_snapshot,self,1,1,2025-11-30,펀드 수익자
삼성증권,group,삼성증권,"beneficiary_snapshot,lender_snapshot",self,1,2,2025-11-30,금융기관(대주)
삼성화재,group,삼성화재,"beneficiary_snapshot,lender_snapshot",self,1,2,2025-11-30,금융기관(대주)
삼양홀딩스,group,삼양홀딩스,beneficiary_snapshot,self,1,1,2025-11-30,펀드 수익자
삼우,group,삼우,counterparty_seed,self,1,1,,운영/시공 파트너
삼우 CM,cm,삼우 CM,counterparty_seed,self,1,1,,운영/시공 파트너
삼우디씨디,group,삼우디씨디,beneficiary_snapshot,self,1,1,2025-11-30,펀드 수익자
삼우씨엠건축사사무소,group,삼우씨엠건축사사무소,beneficiary_snapshot,self,1,1,2025-11-30,펀드 수익자
삼정저축은행,group,삼정저축은행,beneficiary_snapshot,self,1,1,2025-11-30,펀드 수익자
삼한교역상사,group,삼한교역상사,beneficiary_snapshot,self,1,1,2025-11-30,펀드 수익자
상상인저축은행,group,상상인저축은행,lender_snapshot,self,1,1,2025-11-30,금융기관(대주)
서귀포동부신용협동조합,group,서귀포동부신용협동조합,lender_snapshot,self,1,1,2025-11-30,금융기관(대주)
서리풀클라우드,group,서리풀클라우드,lender_snapshot,self,1,1,2025-11-30,금융기관(대주)
서민이엔씨,group,서민이엔씨,beneficiary_snapshot,self,1,1,2025-11-30,펀드 수익자
서울보증보험,group,서울보증보험,beneficiary_snapshot,self,1,1,2025-11-30,펀드 수익자
서울시,group,서울시,t5t_dashboard,self,1,1,2026-04-13,공공/행정기관
서천신용협동조합,group,서천신용협동조합,lender_snapshot,self,1,1,2025-11-30,금융기관(대주)
선매수자,group,선매수자,t5t_dashboard,self,1,1,2026-03-30,매수/매도인
선우건축,group,선우건축,counterparty_seed,self,1,1,,운영/시공 파트너
성담,group,성담,beneficiary_snapshot,self,1,1,2025-11-30,펀드 수익자
성담솔트베이,group,성담솔트베이,beneficiary_snapshot,self,1,1,2025-11-30,펀드 수익자
성지제강,group,성지제강,beneficiary_snapshot,self,1,1,2025-11-30,펀드 수익자
세람저축은행,group,세람저축은행,beneficiary_snapshot,self,1,1,2025-11-30,펀드 수익자
세미파이브,group,세미파이브,t5t_dashboard,self,1,1,2026-04-17,임차인
세빌스,group,세빌스,t5t_dashboard,self,1,1,2026-04-13,주간사/자문
세종네트웍스,group,세종네트웍스,counterparty_seed,self,1,1,,운영/시공 파트너
세종텔레콤,group,세종텔레콤,beneficiary_snapshot,self,1,1,2025-11-30,펀드 수익자
세콘도,group,세콘도,beneficiary_snapshot,self,1,1,2025-11-30,펀드 수익자
센트럴저축은행,group,센트럴저축은행,lender_snapshot,self,1,1,2025-11-30,금융기관(대주)
수산업협동조합중앙회,group,수산업협동조합중앙회,beneficiary_snapshot,self,1,1,2025-11-30,펀드 수익자
수지신용협동조합,group,수지신용협동조합,lender_snapshot,self,1,1,2025-11-30,금융기관(대주)
수협은행,group,수협은행,lender_snapshot,self,1,1,2025-11-30,금융기관(대주)
수협중앙회,group,수협중앙회,beneficiary_snapshot,self,1,1,2025-11-30,펀드 수익자
스마일게이트,group,스마일게이트,beneficiary_snapshot,self,1,1,2025-11-30,펀드 수익자
스카이밸류,group,스카이밸류,beneficiary_snapshot,self,1,1,2025-11-30,펀드 수익자
스카이저축은행,group,스카이저축은행,lender_snapshot,self,1,1,2025-11-30,금융기관(대주)
스탠다드차타드은행,group,스탠다드차타드은행,lender_snapshot,self,1,1,2025-11-30,금융기관(대주)
신세계,group,신세계,beneficiary_snapshot,self,1,1,2025-11-30,펀드 수익자
신세계프라퍼티,group,신세계프라퍼티,beneficiary_snapshot,self,1,1,2025-11-30,펀드 수익자
신용협동조합중앙회,group,신용협동조합중앙회,beneficiary_snapshot,self,1,1,2025-11-30,펀드 수익자
신진솔루션즈,group,신진솔루션즈,beneficiary_snapshot,self,1,1,2025-11-30,펀드 수익자
신한,shinhan,신한 | 신한금융투자 | 신한라이프생명보험 | 신한은행 | 신한카드 | 신한캐피탈 | 신한투자증권,"beneficiary_snapshot,lender_snapshot,t5t_dashboard",mapped,7,12,2026-04-17,금융기관(대주)
신한금융플러스,group,신한금융플러스,beneficiary_snapshot,self,1,1,2025-11-30,펀드 수익자
신한은행(연기금통합일반사모증권투자신탁제141호의 신탁업자로서),141,신한은행(연기금통합일반사모증권투자신탁제141호의 신탁업자로서),beneficiary_snapshot,self,1,1,2025-11-30,펀드 수익자
신한은행(캡스톤APAC2호의 신탁업자 지위),apac2,신한은행(캡스톤APAC2호의 신탁업자 지위),beneficiary_snapshot,self,1,1,2025-11-30,펀드 수익자
신협(강릉신용협동조합),group,신협(강릉신용협동조합),lender_snapshot,self,1,1,2025-11-30,금융기관(대주)
신협(강서신용협동조합),group,신협(강서신용협동조합),lender_snapshot,self,1,1,2025-11-30,금융기관(대주)
신협(검단신용협동조합),group,신협(검단신용협동조합),lender_snapshot,self,1,1,2025-11-30,금융기관(대주)
신협(경기광주신용협동조합),group,신협(경기광주신용협동조합),lender_snapshot,self,1,1,2025-11-30,금융기관(대주)
신협(경남가온신용협동조합),group,신협(경남가온신용협동조합),lender_snapshot,self,1,1,2025-11-30,금융기관(대주)
신협(경남제일신용협동조합),group,신협(경남제일신용협동조합),lender_snapshot,self,1,1,2025-11-30,금융기관(대주)
신협(경남중앙신용협동조합),group,신협(경남중앙신용협동조합),lender_snapshot,self,1,1,2025-11-30,금융기관(대주)
신협(경남한의사신용협동조합),group,신협(경남한의사신용협동조합),lender_snapshot,self,1,1,2025-11-30,금융기관(대주)
신협(경동신용협동조합),group,신협(경동신용협동조합),lender_snapshot,self,1,1,2025-11-30,금융기관(대주)
신협(계산신용협동조합),group,신협(계산신용협동조합),lender_snapshot,self,1,1,2025-11-30,금융기관(대주)
신협(공주중앙신용협동조합),group,신협(공주중앙신용협동조합),lender_snapshot,self,1,1,2025-11-30,금융기관(대주)
신협(광안신용협동조합),group,신협(광안신용협동조합),lender_snapshot,self,1,1,2025-11-30,금융기관(대주)
신협(광장신용협동조합),group,신협(광장신용협동조합),lender_snapshot,self,1,1,2025-11-30,금융기관(대주)
신협(광주동부신용협동조합),group,신협(광주동부신용협동조합),lender_snapshot,self,1,1,2025-11-30,금융기관(대주)
신협(광주신우신용협동조합),group,신협(광주신우신용협동조합),lender_snapshot,self,1,1,2025-11-30,금융기관(대주)
신협(구덕신용협동조합),group,신협(구덕신용협동조합),lender_snapshot,self,1,1,2025-11-30,금융기관(대주)
신협(구포신용협동조합),group,신협(구포신용협동조합),lender_snapshot,self,1,1,2025-11-30,금융기관(대주)
신협(금모래신용협동조합),group,신협(금모래신용협동조합),lender_snapshot,self,1,1,2025-11-30,금융기관(대주)
신협(금정신용협동조합),group,신협(금정신용협동조합),lender_snapshot,self,1,1,2025-11-30,금융기관(대주)
신협(김제신용협동조합),group,신협(김제신용협동조합),lender_snapshot,self,1,1,2025-11-30,금융기관(대주)
신협(남광주신용협동조합),group,신협(남광주신용협동조합),lender_snapshot,self,1,1,2025-11-30,금융기관(대주)
신협(남서울신용협동조합),group,신협(남서울신용협동조합),lender_snapshot,self,1,1,2025-11-30,금융기관(대주)
신협(남청주신용협동조합),group,신협(남청주신용협동조합),lender_snapshot,self,1,1,2025-11-30,금융기관(대주)
신협(달구벌신용협동조합),group,신협(달구벌신용협동조합),lender_snapshot,self,1,1,2025-11-30,금융기관(대주)
신협(대구태영신용협동조합),group,신협(대구태영신용협동조합),lender_snapshot,self,1,1,2025-11-30,금융기관(대주)
신협(대원신용협동조합),group,신협(대원신용협동조합),lender_snapshot,self,1,1,2025-11-30,금융기관(대주)
신협(동대구신용협동조합),group,신협(동대구신용협동조합),lender_snapshot,self,1,1,2025-11-30,금융기관(대주)
신협(동수원신용협동조합),group,신협(동수원신용협동조합),lender_snapshot,self,1,1,2025-11-30,금융기관(대주)
신협(든솔신용협동조합),group,신협(든솔신용협동조합),lender_snapshot,self,1,1,2025-11-30,금융기관(대주)
신협(등촌신용협동조합),group,신협(등촌신용협동조합),lender_snapshot,self,1,1,2025-11-30,금융기관(대주)
신협(마포신용협동조합),group,신협(마포신용협동조합),lender_snapshot,self,1,1,2025-11-30,금융기관(대주)
신협(무학신용협동조합),group,신협(무학신용협동조합),lender_snapshot,self,1,1,2025-11-30,금융기관(대주)
신협(미추홀신용협동조합),group,신협(미추홀신용협동조합),lender_snapshot,self,1,1,2025-11-30,금융기관(대주)
신협(방림신용협동조합),group,신협(방림신용협동조합),lender_snapshot,self,1,1,2025-11-30,금융기관(대주)
신협(방촌신용협동조합),group,신협(방촌신용협동조합),lender_snapshot,self,1,1,2025-11-30,금융기관(대주)
신협(부산거제신용협동조합),group,신협(부산거제신용협동조합),lender_snapshot,self,1,1,2025-11-30,금융기관(대주)
신협(부산동래신용협동조합),group,신협(부산동래신용협동조합),lender_snapshot,self,1,1,2025-11-30,금융기관(대주)
신협(부산성의신용협동조합),group,신협(부산성의신용협동조합),lender_snapshot,self,1,1,2025-11-30,금융기관(대주)
신협(부산시중앙신용협동조합),group,신협(부산시중앙신용협동조합),lender_snapshot,self,1,1,2025-11-30,금융기관(대주)
신협(부산장우신용협동조합),group,신협(부산장우신용협동조합),lender_snapshot,self,1,1,2025-11-30,금융기관(대주)
신협(부산진신용협동조합),group,신협(부산진신용협동조합),lender_snapshot,self,1,1,2025-11-30,금융기관(대주)
신협(부산행복신용협동조합),group,신협(부산행복신용협동조합),lender_snapshot,self,1,1,2025-11-30,금융기관(대주)
신협(북동신용협동조합),group,신협(북동신용협동조합),lender_snapshot,self,1,1,2025-11-30,금융기관(대주)
신협(북부산신용협동조합),group,신협(북부산신용협동조합),lender_snapshot,self,1,1,2025-11-30,금융기관(대주)
신협(북성신용협동조합),group,신협(북성신용협동조합),lender_snapshot,self,1,1,2025-11-30,금융기관(대주)
신협(북원신용협동조합),group,신협(북원신용협동조합),lender_snapshot,self,1,1,2025-11-30,금융기관(대주)
신협(새서울신용협동조합),group,신협(새서울신용협동조합),lender_snapshot,self,1,1,2025-11-30,금융기관(대주)
신협(서대구신용협동조합),group,신협(서대구신용협동조합),lender_snapshot,self,1,1,2025-11-30,금융기관(대주)
신협(서울치과의사신용협동조합),group,신협(서울치과의사신용협동조합),lender_snapshot,self,1,1,2025-11-30,금융기관(대주)
신협(성남중앙신용협동조합),group,신협(성남중앙신용협동조합),lender_snapshot,self,1,1,2025-11-30,금융기관(대주)
신협(송파동부신용협동조합),group,신협(송파동부신용협동조합),lender_snapshot,self,1,1,2025-11-30,금융기관(대주)
신협(수원중앙신용협동조합),group,신협(수원중앙신용협동조합),lender_snapshot,self,1,1,2025-11-30,금융기관(대주)
신협(신정신용협동조합),group,신협(신정신용협동조합),lender_snapshot,self,1,1,2025-11-30,금융기관(대주)
신협(아산신용협동조합),group,신협(아산신용협동조합),lender_snapshot,self,1,1,2025-11-30,금융기관(대주)
신협(양천신용협동조합),group,신협(양천신용협동조합),lender_snapshot,self,1,1,2025-11-30,금융기관(대주)
신협(연무신용협동조합),group,신협(연무신용협동조합),lender_snapshot,self,1,1,2025-11-30,금융기관(대주)
신협(영암신용협동조합),group,신협(영암신용협동조합),lender_snapshot,self,1,1,2025-11-30,금융기관(대주)
신협(오산신용협동조합),group,신협(오산신용협동조합),lender_snapshot,self,1,1,2025-11-30,금융기관(대주)
신협(울산남부신용협동조합),group,신협(울산남부신용협동조합),lender_snapshot,self,1,1,2025-11-30,금융기관(대주)
신협(울산중앙신용협동조합),group,신협(울산중앙신용협동조합),lender_snapshot,self,1,1,2025-11-30,금융기관(대주)
신협(울산행복신용협동조합),group,신협(울산행복신용협동조합),lender_snapshot,self,1,1,2025-11-30,금융기관(대주)
신협(원주신용협동조합),group,신협(원주신용협동조합),lender_snapshot,self,1,1,2025-11-30,금융기관(대주)
신협(위미신용협동조합),group,신협(위미신용협동조합),lender_snapshot,self,1,1,2025-11-30,금융기관(대주)
신협(은평신용협동조합),group,신협(은평신용협동조합),lender_snapshot,self,1,1,2025-11-30,금융기관(대주)
신협(의왕신용협동조합),group,신협(의왕신용협동조합),lender_snapshot,self,1,1,2025-11-30,금융기관(대주)
신협(이천신용협동조합),group,신협(이천신용협동조합),lender_snapshot,self,1,1,2025-11-30,금융기관(대주)
신협(인천치과의사신용협동조합),group,신협(인천치과의사신용협동조합),lender_snapshot,self,1,1,2025-11-30,금융기관(대주)
신협(일산신용협동조합),group,신협(일산신용협동조합),lender_snapshot,self,1,1,2025-11-30,금융기관(대주)
신협(장안신용협동조합),group,신협(장안신용협동조합),lender_snapshot,self,1,1,2025-11-30,금융기관(대주)
신협(제민신용협동조합),group,신협(제민신용협동조합),lender_snapshot,self,1,1,2025-11-30,금융기관(대주)
신협(제주신용협동조합),group,신협(제주신용협동조합),lender_snapshot,self,1,1,2025-11-30,금융기관(대주)
신협(주민신용협동조합),group,신협(주민신용협동조합),lender_snapshot,self,1,1,2025-11-30,금융기관(대주)
신협(주성신용협동조합),group,신협(주성신용협동조합),lender_snapshot,self,1,1,2025-11-30,금융기관(대주)
신협(중앙신용협동조합),group,신협(중앙신용협동조합),lender_snapshot,self,1,1,2025-11-30,금융기관(대주)
신협(청량리신용협동조합),group,신협(청량리신용협동조합),lender_snapshot,self,1,1,2025-11-30,금융기관(대주)
신협(청운신용협동조합),group,신협(청운신용협동조합),lender_snapshot,self,1,1,2025-11-30,금융기관(대주)
신협(청주상당신용협동조합),group,신협(청주상당신용협동조합),lender_snapshot,self,1,1,2025-11-30,금융기관(대주)
신협(청주성동신용협동조합),group,신협(청주성동신용협동조합),lender_snapshot,self,1,1,2025-11-30,금융기관(대주)
신협(한라신용협동조합),group,신협(한라신용협동조합),lender_snapshot,self,1,1,2025-11-30,금융기관(대주)
신협(한우리신용협동조합),group,신협(한우리신용협동조합),lender_snapshot,self,1,1,2025-11-30,금융기관(대주)
신협(현대제철신용협동조합),group,신협(현대제철신용협동조합),lender_snapshot,self,1,1,2025-11-30,금융기관(대주)
신협(홍성신용협동조합),group,신협(홍성신용협동조합),lender_snapshot,self,1,1,2025-11-30,금융기관(대주)
신협(화곡신용협동조합),group,신협(화곡신용협동조합),lender_snapshot,self,1,1,2025-11-30,금융기관(대주)
신협(화성제일신용협동조합),group,신협(화성제일신용협동조합),lender_snapshot,self,1,1,2025-11-30,금융기관(대주)
신협(화지산신용협동조합),group,신협(화지산신용협동조합),lender_snapshot,self,1,1,2025-11-30,금융기관(대주)
신협(희원신용협동조합),group,신협(희원신용협동조합),lender_snapshot,self,1,1,2025-11-30,금융기관(대주)
신협대주단,group,신협대주단,lender_snapshot,self,1,1,2025-11-30,금융기관(대주)
신협중앙회(남부천신용협동중앙회),group,신협중앙회(남부천신용협동중앙회),lender_snapshot,self,1,1,2025-11-30,금융기관(대주)
신협중앙회(신용협동조합중앙회),group,신협중앙회(신용협동조합중앙회),lender_snapshot,self,1,1,2025-11-30,금융기관(대주)
썬트리,group,썬트리,beneficiary_snapshot,self,1,1,2025-11-30,펀드 수익자
씨엘케이아이에스,group,씨엘케이아이에스,lender_snapshot,self,1,1,2025-11-30,금융기관(대주)
아디다스,group,아디다스,t5t_dashboard,self,1,1,2026-04-13,임차인
아디안 싱가포르,group,아디안 싱가포르,beneficiary_snapshot,self,1,1,2025-11-30,펀드 수익자
아라그룹,group,아라그룹,counterparty_seed,self,1,1,,운영/시공 파트너
아산나눔재단,group,아산나눔재단,beneficiary_snapshot,self,1,1,2025-11-30,펀드 수익자
아스테이온제일차(SPC),spc,아스테이온제일차(SPC),beneficiary_snapshot,self,1,1,2025-11-30,펀드 수익자
아시아에프앤아이,group,아시아에프앤아이,beneficiary_snapshot,self,1,1,2025-11-30,펀드 수익자
아우토스트라세,group,아우토스트라세,beneficiary_snapshot,self,1,1,2025-11-30,펀드 수익자
아이알디브이,group,아이알디브이,beneficiary_snapshot,self,1,1,2025-11-30,펀드 수익자
아이언투자파트너스,group,아이언투자파트너스,beneficiary_snapshot,self,1,1,2025-11-30,펀드 수익자
아이엠단디에이치제일차,group,아이엠단디에이치제일차,lender_snapshot,self,1,1,2025-11-30,금융기관(대주)
아이엠라이프생명보험,group,아이엠라이프생명보험,beneficiary_snapshot,self,1,1,2025-11-30,펀드 수익자
아이엠인베스트제이차,group,아이엠인베스트제이차,lender_snapshot,self,1,1,2025-11-30,금융기관(대주)
아주캐피탈,group,아주캐피탈,beneficiary_snapshot,self,1,1,2025-11-30,펀드 수익자
아테나자산운용,group,아테나자산운용,beneficiary_snapshot,self,1,1,2025-11-30,펀드 수익자
아토모스리얼에스테이트,group,아토모스리얼에스테이트,beneficiary_snapshot,self,1,1,2025-11-30,펀드 수익자
안다인베스트먼트파트너스,group,안다인베스트먼트파트너스,beneficiary_snapshot,self,1,1,2025-11-30,펀드 수익자
안다자산운용,group,안다자산운용,beneficiary_snapshot,self,1,1,2025-11-30,펀드 수익자
애큐온저축은행,group,애큐온저축은행,lender_snapshot,self,1,1,2025-11-30,금융기관(대주)
애큐온캐피탈,group,애큐온캐피탈,"beneficiary_snapshot,lender_snapshot",self,1,2,2025-11-30,금융기관(대주)
양지로지스특시,group,양지로지스특시,beneficiary_snapshot,self,1,1,2025-11-30,펀드 수익자
어반웰스,group,어반웰스,beneficiary_snapshot,self,1,1,2025-11-30,펀드 수익자
에셀,group,에셀,beneficiary_snapshot,self,1,1,2025-11-30,펀드 수익자
에셀유한회사,group,에셀유한회사,beneficiary_snapshot,self,1,1,2025-11-30,펀드 수익자
에스가산,group,에스가산,beneficiary_snapshot,self,1,1,2025-11-30,펀드 수익자
에스디디피제일차,group,에스디디피제일차,beneficiary_snapshot,self,1,1,2025-11-30,펀드 수익자
에스디제오차,group,에스디제오차,beneficiary_snapshot,self,1,1,2025-11-30,펀드 수익자
에스비센,group,에스비센,beneficiary_snapshot,self,1,1,2025-11-30,펀드 수익자
에스엔유비아이제트1호,1,에스엔유비아이제트1호,beneficiary_snapshot,self,1,1,2025-11-30,펀드 수익자
에스원,group,에스원,beneficiary_snapshot,self,1,1,2025-11-30,펀드 수익자
에스유씨플러스,group,에스유씨플러스,beneficiary_snapshot,self,1,1,2025-11-30,펀드 수익자
에스제이더블유인터네셔널,group,에스제이더블유인터네셔널,beneficiary_snapshot,self,1,1,2025-11-30,펀드 수익자
에스케이디앤디,group,에스케이디앤디,beneficiary_snapshot,self,1,1,2025-11-30,펀드 수익자
에이아이에스독일제일차주식회사(메리츠증권),group,에이아이에스독일제일차주식회사(메리츠증권),beneficiary_snapshot,self,1,1,2025-11-30,펀드 수익자
에이치비저축은행,group,에이치비저축은행,lender_snapshot,self,1,1,2025-11-30,금융기관(대주)
에이치엔아이,group,에이치엔아이,beneficiary_snapshot,self,1,1,2025-11-30,펀드 수익자
에이치플랜,group,에이치플랜,beneficiary_snapshot,self,1,1,2025-11-30,펀드 수익자
에이티넘인베스트먼트,group,에이티넘인베스트먼트,beneficiary_snapshot,self,1,1,2025-11-30,펀드 수익자
에프엔십정2유동화전문 유한회사,2,에프엔십정2유동화전문 유한회사,lender_snapshot,self,1,1,2025-11-30,금융기관(대주)
에프엔프로젝트제이차,group,에프엔프로젝트제이차,lender_snapshot,self,1,1,2025-11-30,금융기관(대주)
엔에이치투자증권,group,엔에이치투자증권,beneficiary_snapshot,self,1,1,2025-11-30,펀드 수익자
엔에이치판교아이스퀘어제이차,group,엔에이치판교아이스퀘어제이차,beneficiary_snapshot,self,1,1,2025-11-30,펀드 수익자
엔피씨,group,엔피씨,beneficiary_snapshot,self,1,1,2025-11-30,펀드 수익자
엠디엠플러스,group,엠디엠플러스,beneficiary_snapshot,self,1,1,2025-11-30,펀드 수익자
엠에스퓨처,group,엠에스퓨처,lender_snapshot,self,1,1,2025-11-30,금융기관(대주)
엠유에프지은행,group,엠유에프지은행,lender_snapshot,self,1,1,2025-11-30,금융기관(대주)
엠지알브이,group,엠지알브이,beneficiary_snapshot,self,1,1,2025-11-30,펀드 수익자
연초생산안정화재단,group,연초생산안정화재단,beneficiary_snapshot,self,1,1,2025-11-30,펀드 수익자
연합자산관리,group,연합자산관리,beneficiary_snapshot,self,1,1,2025-11-30,펀드 수익자
엽연초생산협동조합중앙회,group,엽연초생산협동조합중앙회,beneficiary_snapshot,self,1,1,2025-11-30,펀드 수익자
엽연초생산협동조합중앙회(청주),group,엽연초생산협동조합중앙회(청주),beneficiary_snapshot,self,1,1,2025-11-30,펀드 수익자
예성건축,group,예성건축,counterparty_seed,self,1,1,,운영/시공 파트너
예스코홀딩,group,예스코홀딩,beneficiary_snapshot,self,1,1,2025-11-30,펀드 수익자
오로라월드,group,오로라월드,beneficiary_snapshot,self,1,1,2025-11-30,펀드 수익자
오케이저축은행,group,오케이저축은행,lender_snapshot,self,1,1,2025-11-30,금융기관(대주)
오투저축은행,group,오투저축은행,"beneficiary_snapshot,lender_snapshot",self,1,2,2025-11-30,금융기관(대주)
우리,group,우리,beneficiary_snapshot,self,1,1,2025-11-30,펀드 수익자
우리금융저축은행,group,우리금융저축은행,beneficiary_snapshot,self,1,1,2025-11-30,펀드 수익자
우리금융캐피탈,group,우리금융캐피탈,"beneficiary_snapshot,lender_snapshot",self,1,2,2025-11-30,금융기관(대주)
우리은행,group,우리은행,"beneficiary_snapshot,lender_snapshot",self,1,2,2025-11-30,금융기관(대주)
우리은행(캡스톤대출플랫폼일반사모투자신탁2호의 신탁업자),2,우리은행(캡스톤대출플랫폼일반사모투자신탁2호의 신탁업자),lender_snapshot,self,1,1,2025-11-30,금융기관(대주)
우리자산신탁,group,우리자산신탁,beneficiary_snapshot,self,1,1,2025-11-30,펀드 수익자
우리종합금융,group,우리종합금융,beneficiary_snapshot,self,1,1,2025-11-30,펀드 수익자
우리투자증권,group,우리투자증권,"beneficiary_snapshot,lender_snapshot",self,1,2,2025-11-30,금융기관(대주)
우미건설,group,우미건설,"beneficiary_snapshot,counterparty_seed",self,1,2,2025-11-30,운영/시공 파트너
우미글로벌,group,우미글로벌,beneficiary_snapshot,self,1,1,2025-11-30,펀드 수익자
우정사업본부,group,우정사업본부,t5t_dashboard,self,1,1,2026-04-13,기관투자자(LP)
우정사업본부(보험),group,우정사업본부(보험),beneficiary_snapshot,self,1,1,2025-11-30,펀드 수익자
우정사업본부(예금),group,우정사업본부(예금),beneficiary_snapshot,self,1,1,2025-11-30,펀드 수익자
운율건축,group,운율건축,counterparty_seed,self,1,1,,운영/시공 파트너
원양건축,group,원양건축,counterparty_seed,self,1,1,,운영/시공 파트너
웰컴저축은행,group,웰컴저축은행,lender_snapshot,self,1,1,2025-11-30,금융기관(대주)
위더그린,group,위더그린,beneficiary_snapshot,self,1,1,2025-11-30,펀드 수익자
유선엔지니어링,group,유선엔지니어링,counterparty_seed,self,1,1,,운영/시공 파트너
유안타저축은행,group,유안타저축은행,lender_snapshot,self,1,1,2025-11-30,금융기관(대주)
유안타증권,group,유안타증권,beneficiary_snapshot,self,1,1,2025-11-30,펀드 수익자
유일엔지니어링,group,유일엔지니어링,counterparty_seed,self,1,1,,운영/시공 파트너
유진투자증권,group,유진투자증권,beneficiary_snapshot,self,1,1,2025-11-30,펀드 수익자
이규성,group,이규성,beneficiary_snapshot,self,1,1,2025-11-30,펀드 수익자
이노베스트,group,이노베스트,beneficiary_snapshot,self,1,1,2025-11-30,펀드 수익자
이든자산운용,group,이든자산운용,beneficiary_snapshot,self,1,1,2025-11-30,펀드 수익자
이베스트투자증권,group,이베스트투자증권,beneficiary_snapshot,self,1,1,2025-11-30,펀드 수익자
이수화학,group,이수화학,beneficiary_snapshot,self,1,1,2025-11-30,펀드 수익자
이스턴투자개발,group,이스턴투자개발,beneficiary_snapshot,self,1,1,2025-11-30,펀드 수익자
이우식,group,이우식,beneficiary_snapshot,self,1,1,2025-11-30,펀드 수익자
이지스 고유,group,이지스 고유,beneficiary_snapshot,self,1,1,2025-11-30,펀드 수익자
이지스170-2호(자펀드2),170_2_2,이지스170-2호(자펀드2),beneficiary_snapshot,self,1,1,2025-11-30,펀드 수익자
이지스263호,263,이지스263호,beneficiary_snapshot,self,1,1,2025-11-30,펀드 수익자
이지스426의1호,426_1,이지스426의1호,beneficiary_snapshot,self,1,1,2025-11-30,펀드 수익자
이지스KORIF사모부동산자투자신탁18A호,korif_18a,이지스KORIF사모부동산자투자신탁18A호,beneficiary_snapshot,self,1,1,2025-11-30,펀드 수익자
이지스NPL4호,npl4,이지스NPL4호,beneficiary_snapshot,self,1,1,2025-11-30,펀드 수익자
이지스NPL일반사모부동산투자신탁제3호,npl_3,이지스NPL일반사모부동산투자신탁제3호,beneficiary_snapshot,self,1,1,2025-11-30,펀드 수익자
이지스경산로지스일반사모부동사투자신탁제1-1호(운용),1_1,이지스경산로지스일반사모부동사투자신탁제1-1호(운용),beneficiary_snapshot,self,1,1,2025-11-30,펀드 수익자
이지스경산스페셜시츄에이션일반사모부동산투자신탁제1호,1,이지스경산스페셜시츄에이션일반사모부동산투자신탁제1호,beneficiary_snapshot,self,1,1,2025-11-30,펀드 수익자
이지스고유,group,이지스고유,beneficiary_snapshot,self,1,1,2025-11-30,펀드 수익자
이지스국내PF재구조화1-3호(모),pf_1_3,이지스국내PF재구조화1-3호(모),beneficiary_snapshot,self,1,1,2025-11-30,펀드 수익자
이지스국내PF재구조화1호(자),pf_1,이지스국내PF재구조화1호(자),beneficiary_snapshot,self,1,1,2025-11-30,펀드 수익자
이지스기회추구2-1호(Blind),2_1_blind,이지스기회추구2-1호(Blind),beneficiary_snapshot,self,1,1,2025-11-30,펀드 수익자
이지스기회추구2-2-1호(Blind),2_2_1_blind,이지스기회추구2-2-1호(Blind),beneficiary_snapshot,self,1,1,2025-11-30,펀드 수익자
이지스기회추구2호(Blind),2_blind,이지스기회추구2호(Blind),beneficiary_snapshot,self,1,1,2025-11-30,펀드 수익자
이지스네오밸류블라인드일반사모부동산투자신탁제1호,1,이지스네오밸류블라인드일반사모부동산투자신탁제1호,beneficiary_snapshot,self,1,1,2025-11-30,펀드 수익자
이지스랜드플랫폼일반사모부동산투자신탁제1-1호(Blind),1_1_blind,이지스랜드플랫폼일반사모부동산투자신탁제1-1호(Blind),beneficiary_snapshot,self,1,1,2025-11-30,펀드 수익자
이지스레지던스리츠,group,이지스레지던스리츠,beneficiary_snapshot,self,1,1,2025-11-30,펀드 수익자
이지스리빙플랫폼일반사모부동산자투자신탁제1호(Blind),1_blind,이지스리빙플랫폼일반사모부동산자투자신탁제1호(Blind),beneficiary_snapshot,self,1,1,2025-11-30,펀드 수익자
이지스리얼에셋일반사모부동산투자신탁제1호,1,이지스리얼에셋일반사모부동산투자신탁제1호,beneficiary_snapshot,self,1,1,2025-11-30,펀드 수익자
이지스린,group,이지스린,beneficiary_snapshot,self,1,1,2025-11-30,펀드 수익자
이지스밸류리츠,group,이지스밸류리츠,beneficiary_snapshot,self,1,1,2025-11-30,펀드 수익자
이지스밸류플러스리츠,group,이지스밸류플러스리츠,beneficiary_snapshot,self,1,1,2025-11-30,펀드 수익자
이지스비즈성장공간플랫폼일반사모부동산투자신탁제1호(Blind),1_blind,이지스비즈성장공간플랫폼일반사모부동산투자신탁제1호(Blind),beneficiary_snapshot,self,1,1,2025-11-30,펀드 수익자
이지스사모부동산자투자신탁 43-1호,43_1,이지스사모부동산자투자신탁 43-1호,beneficiary_snapshot,self,1,1,2025-11-30,펀드 수익자
이지스사모부동산자투자신탁 43-2호,43_2,이지스사모부동산자투자신탁 43-2호,beneficiary_snapshot,self,1,1,2025-11-30,펀드 수익자
이지스스트래티직 전문투자형사모부동산 자투자신탁 제1-3-3호,1_3_3,이지스스트래티직 전문투자형사모부동산 자투자신탁 제1-3-3호,beneficiary_snapshot,self,1,1,2025-11-30,펀드 수익자
이지스스트래티직일반사모부동산자투자신탁제1-2-3호,1_2_3,이지스스트래티직일반사모부동산자투자신탁제1-2-3호,beneficiary_snapshot,self,1,1,2025-11-30,펀드 수익자
이지스스트래티직일반사모부동산자투자신탁제1호(Blind),1_blind,이지스스트래티직일반사모부동산자투자신탁제1호(Blind),beneficiary_snapshot,self,1,1,2025-11-30,펀드 수익자
이지스아레나스케이엘아이피1사모부동산자투자회사,1,이지스아레나스케이엘아이피1사모부동산자투자회사,beneficiary_snapshot,self,1,1,2025-11-30,펀드 수익자
이지스이익참여형메자닌일반사모부동산모투자신탁제1-1호(Blind),1_1_blind,이지스이익참여형메자닌일반사모부동산모투자신탁제1-1호(Blind),"beneficiary_snapshot,lender_snapshot",self,1,2,2025-11-30,금융기관(대주)
이지스이익참여형메자닌일반사모부동산모투자신탁제1-3호(Blind),1_3_blind,이지스이익참여형메자닌일반사모부동산모투자신탁제1-3호(Blind),"beneficiary_snapshot,lender_snapshot",self,1,2,2025-11-30,금융기관(대주)
이지스이익참여형메자닌일반사모부동산모투자신탁제1-4호(Blind),1_4_blind,이지스이익참여형메자닌일반사모부동산모투자신탁제1-4호(Blind),"beneficiary_snapshot,lender_snapshot",self,1,2,2025-11-30,금융기관(대주)
이지스인컴앤그로스일반사모부동산자투자신탁제2호(Blind),2_blind,이지스인컴앤그로스일반사모부동산자투자신탁제2호(Blind),beneficiary_snapshot,self,1,1,2025-11-30,펀드 수익자
이지스일반사모부동산자투자신탁제125-2호,125_2,이지스일반사모부동산자투자신탁제125-2호,beneficiary_snapshot,self,1,1,2025-11-30,펀드 수익자
이지스일반사모부동산자투자신탁제130-4호,130_4,이지스일반사모부동산자투자신탁제130-4호,beneficiary_snapshot,self,1,1,2025-11-30,펀드 수익자
이지스일반사모부동산자투자신탁제130-5호,130_5,이지스일반사모부동산자투자신탁제130-5호,beneficiary_snapshot,self,1,1,2025-11-30,펀드 수익자
이지스일반사모부동산자투자신탁제482호,482,이지스일반사모부동산자투자신탁제482호,beneficiary_snapshot,self,1,1,2025-11-30,펀드 수익자
이지스일반사모부동산자투자신탁제562의1호,562_1,이지스일반사모부동산자투자신탁제562의1호,beneficiary_snapshot,self,1,1,2025-11-30,펀드 수익자
이지스일반사모부동산투자신탁156호,156,이지스일반사모부동산투자신탁156호,lender_snapshot,self,1,1,2025-11-30,금융기관(대주)
이지스일반사모부동산투자신탁460호,460,이지스일반사모부동산투자신탁460호,beneficiary_snapshot,self,1,1,2025-11-30,펀드 수익자
이지스일반사모부동산투자신탁제454호,454,이지스일반사모부동산투자신탁제454호,beneficiary_snapshot,self,1,1,2025-11-30,펀드 수익자
이지스일반사모부동산투자신탁제462호,462,이지스일반사모부동산투자신탁제462호,beneficiary_snapshot,self,1,1,2025-11-30,펀드 수익자
이지스일반사모부동산투자신탁제468-1호,468_1,이지스일반사모부동산투자신탁제468-1호,beneficiary_snapshot,self,1,1,2025-11-30,펀드 수익자
이지스일반사모부동산투자신탁제473호,473,이지스일반사모부동산투자신탁제473호,beneficiary_snapshot,self,1,1,2025-11-30,펀드 수익자
이지스일반사모부동산투자신탁제508호,508,이지스일반사모부동산투자신탁제508호,beneficiary_snapshot,self,1,1,2025-11-30,펀드 수익자
이지스일반사모부동산투자신탁제517의1호,517_1,이지스일반사모부동산투자신탁제517의1호,beneficiary_snapshot,self,1,1,2025-11-30,펀드 수익자
이지스자산운용,group,이지스자산운용,beneficiary_snapshot,self,1,1,2025-11-30,펀드 수익자
이지스자산운용(1종),1,이지스자산운용(1종),beneficiary_snapshot,self,1,1,2025-11-30,펀드 수익자
이지스자산운용(2종),2,이지스자산운용(2종),beneficiary_snapshot,self,1,1,2025-11-30,펀드 수익자
이지스자산운용(A종),a,이지스자산운용(A종),beneficiary_snapshot,self,1,1,2025-11-30,펀드 수익자
이지스자산운용(B종),b,이지스자산운용(B종),beneficiary_snapshot,self,1,1,2025-11-30,펀드 수익자
이지스장기안정형주거플랫폼일반사모부동산투자신탁제1호(Blind),1_blind,이지스장기안정형주거플랫폼일반사모부동산투자신탁제1호(Blind),beneficiary_snapshot,self,1,1,2025-11-30,펀드 수익자
이지스장기지분형일반사모부동산자투자신탁1-1호(자펀드)(Blind),1_1_blind,이지스장기지분형일반사모부동산자투자신탁1-1호(자펀드)(Blind),beneficiary_snapshot,self,1,1,2025-11-30,펀드 수익자
이지스장기지분형일반사모부동산자투자신탁1-2호(자펀드)(Blind),1_2_blind,이지스장기지분형일반사모부동산자투자신탁1-2호(자펀드)(Blind),beneficiary_snapshot,self,1,1,2025-11-30,펀드 수익자
이지스장기지분형일반사모부동산자투자신탁1-3호(자펀드)(Blind),1_3_blind,이지스장기지분형일반사모부동산자투자신탁1-3호(자펀드)(Blind),beneficiary_snapshot,self,1,1,2025-11-30,펀드 수익자
이지스전문사모120호,120,이지스전문사모120호,beneficiary_snapshot,self,1,1,2025-11-30,펀드 수익자
이지스전문사모121호,121,이지스전문사모121호,lender_snapshot,self,1,1,2025-11-30,금융기관(대주)
이지스전문투자형사모부동산투자신탁312호,312,이지스전문투자형사모부동산투자신탁312호,beneficiary_snapshot,self,1,1,2025-11-30,펀드 수익자
이지스전문투자형사모부동산투자신탁384호,384,이지스전문투자형사모부동산투자신탁384호,beneficiary_snapshot,self,1,1,2025-11-30,펀드 수익자
이지스전문투자형사모부동산투자신탁제411호,411,이지스전문투자형사모부동산투자신탁제411호,beneficiary_snapshot,self,1,1,2025-11-30,펀드 수익자
이지스제555호부동산일반사모투자회사,555,이지스제555호부동산일반사모투자회사,beneficiary_snapshot,self,1,1,2025-11-30,펀드 수익자
이지스케이엘아이피1사모부동산자투자회사,1,이지스케이엘아이피1사모부동산자투자회사,beneficiary_snapshot,self,1,1,2025-11-30,펀드 수익자
이지스해운대일반사모부동산투자신탁제1호,1,이지스해운대일반사모부동산투자신탁제1호,beneficiary_snapshot,self,1,1,2025-11-30,펀드 수익자
이코노미쿠스,group,이코노미쿠스,beneficiary_snapshot,self,1,1,2025-11-30,펀드 수익자
인성저축은행,group,인성저축은행,"beneficiary_snapshot,lender_snapshot",self,1,2,2025-11-30,금융기관(대주)
인천도시공사,group,인천도시공사,beneficiary_snapshot,self,1,1,2025-11-30,펀드 수익자
인컴앤그로스 2-4-4호,2_4_4,인컴앤그로스 2-4-4호,beneficiary_snapshot,self,1,1,2025-11-30,펀드 수익자
자이C&A,c_a,자이C&A,counterparty_seed,self,1,1,,운영/시공 파트너
잠재 SI,si,잠재 SI,t5t_dashboard,self,1,1,2026-04-13,매수/매도인
장은혜,group,장은혜,beneficiary_snapshot,self,1,1,2025-11-30,펀드 수익자
장풍이노베이션,group,장풍이노베이션,beneficiary_snapshot,self,1,1,2025-11-30,펀드 수익자
전문건설공제조합,group,전문건설공제조합,beneficiary_snapshot,self,1,1,2025-11-30,펀드 수익자
전북은행,group,전북은행,lender_snapshot,self,1,1,2025-11-30,금융기관(대주)
정림,group,정림,counterparty_seed,self,1,1,,운영/시공 파트너
정석우(개인),group,정석우(개인),beneficiary_snapshot,self,1,1,2025-11-30,펀드 수익자
제이알디개발,group,제이알디개발,beneficiary_snapshot,self,1,1,2025-11-30,펀드 수익자
제이앤파트너인베스트먼트,group,제이앤파트너인베스트먼트,beneficiary_snapshot,self,1,1,2025-11-30,펀드 수익자
제이에스티나,group,제이에스티나,beneficiary_snapshot,self,1,1,2025-11-30,펀드 수익자
제이온클로버,group,제이온클로버,lender_snapshot,self,1,1,2025-11-30,금융기관(대주)
제이와이제이제팔차,group,제이와이제이제팔차,lender_snapshot,self,1,1,2025-11-30,금융기관(대주)
제이케이로지스,group,제이케이로지스,beneficiary_snapshot,self,1,1,2025-11-30,펀드 수익자
제이티저축은행,group,제이티저축은행,lender_snapshot,self,1,1,2025-11-30,금융기관(대주)
제이피어반디,group,제이피어반디,beneficiary_snapshot,self,1,1,2025-11-30,펀드 수익자
제주은행,group,제주은행,lender_snapshot,self,1,1,2025-11-30,금융기관(대주)
제주중앙신용협동조합,group,제주중앙신용협동조합,lender_snapshot,self,1,1,2025-11-30,금융기관(대주)
제쿠먼인베스트먼트(유),group,제쿠먼인베스트먼트(유),beneficiary_snapshot,self,1,1,2025-11-30,펀드 수익자
젠스타메이트,group,젠스타메이트,beneficiary_snapshot,self,1,1,2025-11-30,펀드 수익자
조은저축은행,group,조은저축은행,lender_snapshot,self,1,1,2025-11-30,금융기관(대주)
주민단,group,주민단,t5t_dashboard,self,1,1,2026-03-21,공공/행정기관
주주대여,group,주주대여,lender_snapshot,self,1,1,2025-11-30,금융기관(대주)
주택도시보증공사(주택도시기금),group,주택도시보증공사(주택도시기금),beneficiary_snapshot,self,1,1,2025-11-30,펀드 수익자
중국건설은행,group,중국건설은행,lender_snapshot,self,1,1,2025-11-30,금융기관(대주)
중국농업은행,group,중국농업은행,lender_snapshot,self,1,1,2025-11-30,금융기관(대주)
중국은행,group,중국은행,lender_snapshot,self,1,1,2025-11-30,금융기관(대주)
중소기업중앙회,group,중소기업중앙회,beneficiary_snapshot,self,1,1,2025-11-30,펀드 수익자
쥐피아이제십구차,group,쥐피아이제십구차,beneficiary_snapshot,self,1,1,2025-11-30,펀드 수익자
지아이비시스템제일차,group,지아이비시스템제일차,lender_snapshot,self,1,1,2025-11-30,금융기관(대주)
지에프인베스트먼트,group,지에프인베스트먼트,beneficiary_snapshot,self,1,1,2025-11-30,펀드 수익자
지엠뉴욕(자금보충기관: 메리츠증권),group,지엠뉴욕(자금보충기관: 메리츠증권),beneficiary_snapshot,self,1,1,2025-11-30,펀드 수익자
지엠뉴욕제이차,group,지엠뉴욕제이차,beneficiary_snapshot,self,1,1,2025-11-30,펀드 수익자
지엠더원,group,지엠더원,beneficiary_snapshot,self,1,1,2025-11-30,펀드 수익자
지티에이,group,지티에이,beneficiary_snapshot,self,1,1,2025-11-30,펀드 수익자
진주저축은행,group,진주저축은행,lender_snapshot,self,1,1,2025-11-30,금융기관(대주)
진흥기업,group,진흥기업,beneficiary_snapshot,self,1,1,2025-11-30,펀드 수익자
차건축,group,차건축,counterparty_seed,self,1,1,,운영/시공 파트너
창조,group,창조,counterparty_seed,self,1,1,,운영/시공 파트너
천호스테이션하우징(PFV),pfv,천호스테이션하우징(PFV),beneficiary_snapshot,self,1,1,2025-11-30,펀드 수익자
축협(강진완도축산농업협동조합),group,축협(강진완도축산농업협동조합),lender_snapshot,self,1,1,2025-11-30,금융기관(대주)
축협(상주축산업협동조합),group,축협(상주축산업협동조합),lender_snapshot,self,1,1,2025-11-30,금융기관(대주)
축협(순천광양축산업협동조합),group,축협(순천광양축산업협동조합),lender_snapshot,self,1,1,2025-11-30,금융기관(대주)
축협(장흥축산업협동조합),group,축협(장흥축산업협동조합),lender_snapshot,self,1,1,2025-11-30,금융기관(대주)
축협(함양산청축산업협동조합),group,축협(함양산청축산업협동조합),lender_snapshot,self,1,1,2025-11-30,금융기관(대주)
캠코,group,캠코,t5t_dashboard,self,1,1,2026-04-17,공공/행정기관
캡스톤일반사모부동산투자신탁35호(전문),35,캡스톤일반사모부동산투자신탁35호(전문),beneficiary_snapshot,self,1,1,2025-11-30,펀드 수익자
컨설팅,group,컨설팅,t5t_dashboard,self,1,1,2026-04-13,주간사/자문
케이리츠투자운용,group,케이리츠투자운용,beneficiary_snapshot,self,1,1,2025-11-30,펀드 수익자
케이비시그니쳐제일차유한회사,group,케이비시그니쳐제일차유한회사,lender_snapshot,self,1,1,2025-11-30,금융기관(대주)
케이앤비개발,group,케이앤비개발,beneficiary_snapshot,self,1,1,2025-11-30,펀드 수익자
케이에이치엘제일차,group,케이에이치엘제일차,lender_snapshot,self,1,1,2025-11-30,금융기관(대주)
케이티에스테이트,group,케이티에스테이트,beneficiary_snapshot,self,1,1,2025-11-30,펀드 수익자
켄달스퀘어자산운용,group,켄달스퀘어자산운용,beneficiary_snapshot,self,1,1,2025-11-30,펀드 수익자
코리아신탁,group,코리아신탁,beneficiary_snapshot,self,1,1,2025-11-30,펀드 수익자
코리안리재보험,group,코리안리재보험,lender_snapshot,self,1,1,2025-11-30,금융기관(대주)
코리안리재보험(주),group,코리안리재보험(주),beneficiary_snapshot,self,1,1,2025-11-30,펀드 수익자
코어플랫폼1호(Blind),1_blind,코어플랫폼1호(Blind),beneficiary_snapshot,self,1,1,2025-11-30,펀드 수익자
쿠거인더주피에프브이(PFV),pfv,쿠거인더주피에프브이(PFV),beneficiary_snapshot,self,1,1,2025-11-30,펀드 수익자
쿼드에스알피제일차,group,쿼드에스알피제일차,lender_snapshot,self,1,1,2025-11-30,금융기관(대주)
키움저축은행,group,키움저축은행,lender_snapshot,self,1,1,2025-11-30,금융기관(대주)
키움증권,group,키움증권,beneficiary_snapshot,self,1,1,2025-11-30,펀드 수익자
키움캐피탈,group,키움캐피탈,lender_snapshot,self,1,1,2025-11-30,금융기관(대주)
키움투자자산운용,group,키움투자자산운용,beneficiary_snapshot,self,1,1,2025-11-30,펀드 수익자
키웨스트자산운용,group,키웨스트자산운용,beneficiary_snapshot,self,1,1,2025-11-30,펀드 수익자
태영건설,group,태영건설,"beneficiary_snapshot,counterparty_seed",self,1,2,2025-11-30,운영/시공 파트너
태재홀딩스,group,태재홀딩스,beneficiary_snapshot,self,1,1,2025-11-30,펀드 수익자
투자자1,1,투자자1,beneficiary_snapshot,self,1,1,2025-11-30,펀드 수익자
판교엠버제일차,group,판교엠버제일차,beneficiary_snapshot,self,1,1,2025-11-30,펀드 수익자
퍼시픽제33호전문사모부동산투자유한회사,33,퍼시픽제33호전문사모부동산투자유한회사,"beneficiary_snapshot,lender_snapshot",self,1,2,2025-11-30,금융기관(대주)
펜토건설,group,펜토건설,beneficiary_snapshot,self,1,1,2025-11-30,펀드 수익자
포스코A&C,a_c,포스코A&C,counterparty_seed,self,1,1,,운영/시공 파트너
포스코이앤씨,group,포스코이앤씨,counterparty_seed,self,1,1,,운영/시공 파트너
푸른덴셜생명보험,group,푸른덴셜생명보험,beneficiary_snapshot,self,1,1,2025-11-30,펀드 수익자
푸른인베스트먼트,group,푸른인베스트먼트,beneficiary_snapshot,self,1,1,2025-11-30,펀드 수익자
푸른저축은행,group,푸른저축은행,beneficiary_snapshot,self,1,1,2025-11-30,펀드 수익자
푸본현대생명보험,group,푸본현대생명보험,"beneficiary_snapshot,lender_snapshot",self,1,2,2025-11-30,금융기관(대주)
프라임비전제일차,group,프라임비전제일차,lender_snapshot,self,1,1,2025-11-30,금융기관(대주)
피벗플러스,group,피벗플러스,beneficiary_snapshot,self,1,1,2025-11-30,펀드 수익자
피에스텍,group,피에스텍,beneficiary_snapshot,self,1,1,2025-11-30,펀드 수익자
핀포인트,group,핀포인트,beneficiary_snapshot,self,1,1,2025-11-30,펀드 수익자
하나,hana,하나 | 하나생명보험 | 하나손해보험 | 하나에프앤아이(하나F&I) | 하나은행 | 하나증권 | 하나캐피탈,"beneficiary_snapshot,lender_snapshot,t5t_dashboard",mapped,7,9,2026-04-17,펀드 수익자
하나레지던스2호,2,하나레지던스2호,beneficiary_snapshot,self,1,1,2025-11-30,펀드 수익자
하나커넥트,group,하나커넥트,lender_snapshot,self,1,1,2025-11-30,금융기관(대주)
하우징플랫폼(Blind),blind,하우징플랫폼(Blind),beneficiary_snapshot,self,1,1,2025-11-30,펀드 수익자
하인즈코리아투자자문,group,하인즈코리아투자자문,beneficiary_snapshot,self,1,1,2025-11-30,펀드 수익자
한국부동산에스앤디,group,한국부동산에스앤디,beneficiary_snapshot,self,1,1,2025-11-30,펀드 수익자
한국산업단지공단,group,한국산업단지공단,beneficiary_snapshot,self,1,1,2025-11-30,펀드 수익자
한국자산관리공사,group,한국자산관리공사,beneficiary_snapshot,self,1,1,2025-11-30,펀드 수익자
한국자산신탁,group,한국자산신탁,beneficiary_snapshot,self,1,1,2025-11-30,펀드 수익자
한국저축은행,group,한국저축은행,t5t_dashboard,self,1,1,2026-04-13,금융기관(대주)
한국증권금융,group,한국증권금융,"beneficiary_snapshot,lender_snapshot",self,1,2,2025-11-30,금융기관(대주)
한국증권금융(신한부동산론전문투자형사모부동산투자신탁제2호의 신탁업자로서),2,한국증권금융(신한부동산론전문투자형사모부동산투자신탁제2호의 신탁업자로서),lender_snapshot,self,1,1,2025-11-30,금융기관(대주)
한국지방재정공제회,group,한국지방재정공제회,beneficiary_snapshot,self,1,1,2025-11-30,펀드 수익자
한국투자부동산신탁,group,한국투자부동산신탁,beneficiary_snapshot,self,1,1,2025-11-30,펀드 수익자
한국투자저축은행,group,한국투자저축은행,lender_snapshot,self,1,1,2025-11-30,금융기관(대주)
한국투자증권,group,한국투자증권,"beneficiary_snapshot,lender_snapshot",self,1,2,2025-11-30,금융기관(대주)
한국투자캐피탈,group,한국투자캐피탈,lender_snapshot,self,1,1,2025-11-30,금융기관(대주)
한국파마,group,한국파마,beneficiary_snapshot,self,1,1,2025-11-30,펀드 수익자
한국해양진흥공사,group,한국해양진흥공사,beneficiary_snapshot,self,1,1,2025-11-30,펀드 수익자
한림 CM,cm,한림 CM,counterparty_seed,self,1,1,,운영/시공 파트너
한림개발,group,한림개발,beneficiary_snapshot,self,1,1,2025-11-30,펀드 수익자
한미글로벌,group,한미글로벌,counterparty_seed,self,1,1,,운영/시공 파트너
한미글로벌건축사사무소,group,한미글로벌건축사사무소,beneficiary_snapshot,self,1,1,2025-11-30,펀드 수익자
한성저축은행,group,한성저축은행,beneficiary_snapshot,self,1,1,2025-11-30,펀드 수익자
한세실업,group,한세실업,beneficiary_snapshot,self,1,1,2025-11-30,펀드 수익자
한세예스24홀딩스,24,한세예스24홀딩스,beneficiary_snapshot,self,1,1,2025-11-30,펀드 수익자
한신공영,group,한신공영,counterparty_seed,self,1,1,,운영/시공 파트너
한전,group,한전,t5t_dashboard,self,1,1,2026-03-03,공공/행정기관
한중건설,group,한중건설,beneficiary_snapshot,self,1,1,2025-11-30,펀드 수익자
한화,group,한화,counterparty_seed,self,1,1,,운영/시공 파트너
한화건설,group,한화건설,beneficiary_snapshot,self,1,1,2025-11-30,펀드 수익자
한화생명,group,한화생명,lender_snapshot,self,1,1,2025-11-30,금융기관(대주)
한화생명보험,group,한화생명보험,beneficiary_snapshot,self,1,1,2025-11-30,펀드 수익자
한화손해보험,group,한화손해보험,"beneficiary_snapshot,lender_snapshot",self,1,2,2025-11-30,금융기관(대주)
한화저축은행,group,한화저축은행,"beneficiary_snapshot,lender_snapshot",self,1,2,2025-11-30,금융기관(대주)
한화투자증권,group,한화투자증권,beneficiary_snapshot,self,1,1,2025-11-30,펀드 수익자
한화투자증권(A),a,한화투자증권(A),beneficiary_snapshot,self,1,1,2025-11-30,펀드 수익자
한화투자증권(C-i),c_i,한화투자증권(C-i),beneficiary_snapshot,self,1,1,2025-11-30,펀드 수익자
한화호텔앤드리조트,group,한화호텔앤드리조트,beneficiary_snapshot,self,1,1,2025-11-30,펀드 수익자
해비치호텔앤드리조트,group,해비치호텔앤드리조트,beneficiary_snapshot,self,1,1,2025-11-30,펀드 수익자
해안,group,해안,counterparty_seed,self,1,1,,운영/시공 파트너
헤리티지자산운용,group,헤리티지자산운용,beneficiary_snapshot,self,1,1,2025-11-30,펀드 수익자
현대건설,group,현대건설,"beneficiary_snapshot,counterparty_seed",self,1,2,2025-11-30,운영/시공 파트너
현대산업개발,group,현대산업개발,counterparty_seed,self,1,1,,운영/시공 파트너
현대아산,group,현대아산,counterparty_seed,self,1,1,,운영/시공 파트너
현대엔지니어링,group,현대엔지니어링,counterparty_seed,self,1,1,,운영/시공 파트너
현대인베스트먼트자산운용㈜ 1호 펀드,1,현대인베스트먼트자산운용㈜ 1호 펀드,beneficiary_snapshot,self,1,1,2025-11-30,펀드 수익자
현대차정몽구재단,group,현대차정몽구재단,beneficiary_snapshot,self,1,1,2025-11-30,펀드 수익자
현대차증권,group,현대차증권,beneficiary_snapshot,self,1,1,2025-11-30,펀드 수익자
현대카드,group,현대카드,beneficiary_snapshot,self,1,1,2025-11-30,펀드 수익자
현대캐피탈,group,현대캐피탈,"beneficiary_snapshot,lender_snapshot,t5t_dashboard",self,1,3,2026-04-17,금융기관(대주)
현대커머셜,group,현대커머셜,"beneficiary_snapshot,lender_snapshot",self,1,2,2025-11-30,금융기관(대주)
현대해상화재보험,group,현대해상화재보험,"beneficiary_snapshot,lender_snapshot",self,1,2,2025-11-30,금융기관(대주)
호텔롯데,group,호텔롯데,beneficiary_snapshot,self,1,1,2025-11-30,펀드 수익자
홈플러스,group,홈플러스,t5t_dashboard,self,1,1,2026-04-12,임차인
홍콩상하이은행,group,홍콩상하이은행,lender_snapshot,self,1,1,2025-11-30,금융기관(대주)
효성중공업,group,효성중공업,counterparty_seed,self,1,1,,운영/시공 파트너
효성캐피탈,group,효성캐피탈,beneficiary_snapshot,self,1,1,2025-11-30,펀드 수익자
휴온스글로벌,group,휴온스글로벌,beneficiary_snapshot,self,1,1,2025-11-30,펀드 수익자
흥국생명보험,group,흥국생명보험,"beneficiary_snapshot,lender_snapshot",self,1,2,2025-11-30,금융기관(대주)
흥국저축은행,group,흥국저축은행,lender_snapshot,self,1,1,2025-11-30,금융기관(대주)
흥국화재해상보험,group,흥국화재해상보험,beneficiary_snapshot,self,1,1,2025-11-30,펀드 수익자
희림,group,희림,counterparty_seed,self,1,1,,운영/시공 파트너
